,–ú–µ—Ç–∫–∞ —á–∞—Å—É,–ì–¥–µ –≤—ã —É—á–∏—Ç–µ—Å—å?,–í –∫–∞–∫–æ–º –≤—ã –∫–ª–∞—Å—Å–µ?,–ö–∞–∫–∏–µ –ø—Ä–µ–¥–º–µ—Ç—ã –≤—ã –ø–ª–∞–Ω–∏—Ä—É–µ—Ç–µ —Å–¥–∞–≤–∞—Ç—å?,–ù–∞ –∫–∞–∫–æ–π –±–∞–ª–ª –ø–æ —ç–∫–∑—É —Ç—ã —Ä–µ–∞–ª—å–Ω–æ —Ä–∞—Å—Å—á–∏—Ç—ã–≤–∞–µ—à—å?,–ö–æ–≥–¥–∞ —Ç—ã –≤–ø–µ—Ä–≤—ã–µ –∑–∞–¥—É–º–∞–ª—Å—è –æ —Ç–æ–º —á—Ç–æ–±—ã –ø–æ–π—Ç–∏ –Ω–∞ –∫—É—Ä—Å—ã/–≤–∑—è—Ç—å —Ä–µ–ø–µ—Ç–∞?,–ö–æ–≥–¥–∞ —Ç—ã –ø–æ –∏—Ç–æ–≥—É –∑–∞–ø–∏—Å–∞–ª—Å—è –Ω–∞ –∫—É—Ä—Å—ã / –≤–∑—è–ª —Ä–µ–ø–µ—Ç–∞?,–ü–æ –∫–∞–∫–∏–º –ø—Ä–µ–¥–º–µ—Ç–∞–º —Ç—ã –≤–∑—è–ª —Ä–µ–ø–µ—Ç–∞?
0,16.01.2026 21:19:33,–õ–∏—Ü–µ–π –±–≥—É,11.0,"–ú–∞—Ç–µ–º–∞—Ç–∏–∫–∞, –ë–µ–ª–∞—Ä—É—Å—Å–∫–∏–π",90+,–ü–µ—Ä–≤–∞—è –ø–æ–ª–æ–≤–∏–Ω–∞ 11–≥–æ –∫–ª–∞—Å—Å–∞,–í—Ç–æ—Ä–∞—è –ø–æ–ª–æ–≤–∏–Ω–∞ 11–≥–æ –∫–ª–∞—Å—Å–∞,
1,16.01.2026 21:31:53,–õ–∏—Ü–µ–π –ë–ì–£,11.0,"–ë–µ–ª–∞—Ä—É—Å—Å–∫–∏–π, –ò–Ω–æ—Å—Ç—Ä–∞–Ω–Ω—ã–π —è–∑—ã–∫, –û–±—â–µ—Å—Ç–≤–æ–≤–µ–¥–µ–Ω–∏–µ",70-80,–Ø —Å—á–∏—Ç–∞—é —á—Ç–æ —Å–¥–∞–º —Å–≤–æ–∏–º–∏ —Å–∏–ª–∞–º–∏,–î—É–º–∞–π –∑–∞–ø–∏—Å–∞—Ç—å—Å—è –Ω–∞ –∏–Ω—Ç–µ–Ω—Å–∏–≤ –ø–µ—Ä–µ–¥ —ç–∫–∑–∞–º–∏ (—É –º–Ω–æ–≥–∏—Ö –∫—É—Ä—Å–æ–≤ –µ—Å—Ç—å –≤–æ–∑–º–æ–∂–Ω–æ—Å—Ç—å –∑–∞–ø–∏—Å–∞—Ç—å—Å—è –≤ –∫–æ–Ω—Ü–µ —Ç–∏–ø–∞ –≤–∑—è—Ç—å —Ç–æ–ª—å–∫–æ –≤–µ—Å–Ω—É –∏–ª–∏ —Ç–æ–ª—å–∫–æ –º–∞–π –∏–ª–∏ –≤–æ–æ–±—â–µ —Ç–æ–ª—å–∫–æ –ø–∞—Ä—É –Ω–µ–¥–µ–ª—å –¥–æ —ç–∫–∑–æ–≤),–ê–Ω–≥–ª –∏ –º–æ–≤–∞
2,16.01.2026 21:32:25,–ª–∏—Ü–µ–π –±–≥—É,10.0,"–ú–∞—Ç–µ–º–∞—Ç–∏–∫–∞, –ë–µ–ª–∞—Ä—É—Å—Å–∫–∏–π, –ò–Ω–æ—Å—Ç—Ä–∞–Ω–Ω—ã–π —è–∑—ã–∫, –û–±—â–µ—Å—Ç–≤–æ–≤–µ–¥–µ–Ω–∏–µ",80-90,–ü–µ—Ä–≤–∞—è –ø–æ–ª–æ–≤–∏–Ω–∞ 10–≥–æ –∫–ª–∞—Å—Å–∞,–ü–µ—Ä–≤–∞—è –ø–æ–ª–æ–≤–∏–Ω–∞ 11–≥–æ –∫–ª–∞—Å—Å–∞,–µ—â–µ –Ω–µ –≤–∑—è–ª
3,16.01.2026 21:32:48,–õ–∏—Ü—ç–π,11.0,"–ú–∞—Ç–µ–º–∞—Ç–∏–∫–∞, –§–∏–∑–∏–∫–∞",90+,–Ø —Å—á–∏—Ç–∞—é —á—Ç–æ —Å–¥–∞–º —Å–≤–æ–∏–º–∏ —Å–∏–ª–∞–º–∏,–î—É–º–∞–π –∑–∞–ø–∏—Å–∞—Ç—å—Å—è –Ω–∞ –∏–Ω—Ç–µ–Ω—Å–∏–≤ –ø–µ—Ä–µ–¥ —ç–∫–∑–∞–º–∏ (—É –º–Ω–æ–≥–∏—Ö –∫—É—Ä—Å–æ–≤ –µ—Å—Ç—å –≤–æ–∑–º–æ–∂–Ω–æ—Å—Ç—å –∑–∞–ø–∏—Å–∞—Ç—å—Å—è –≤ –∫–æ–Ω—Ü–µ —Ç–∏–ø–∞ –≤–∑—è—Ç—å —Ç–æ–ª—å–∫–æ –≤–µ—Å–Ω—É –∏–ª–∏ —Ç–æ–ª—å–∫–æ –º–∞–π –∏–ª–∏ –≤–æ–æ–±—â–µ —Ç–æ–ª—å–∫–æ –ø–∞—Ä—É –Ω–µ–¥–µ–ª—å –¥–æ —ç–∫–∑–æ–≤),
4,16.01.2026 21:33:08,–õ–∏—Ü–µ–π –ë–ì–£,10.0,"–ú–∞—Ç–µ–º–∞—Ç–∏–∫–∞, –†—É—Å—Å–∫–∏–π, –û–±—â–µ—Å—Ç–≤–æ–≤–µ–¥–µ–Ω–∏–µ",90+,–Ø —Å—á–∏—Ç–∞—é —á—Ç–æ —Å–¥–∞–º —Å–≤–æ–∏–º–∏ —Å–∏–ª–∞–º–∏,–î—É–º–∞–π –∑–∞–ø–∏—Å–∞—Ç—å—Å—è –Ω–∞ –∏–Ω—Ç–µ–Ω—Å–∏–≤ –ø–µ—Ä–µ–¥ —ç–∫–∑–∞–º–∏ (—É –º–Ω–æ–≥–∏—Ö –∫—É—Ä—Å–æ–≤ –µ—Å—Ç—å –≤–æ–∑–º–æ–∂–Ω–æ—Å—Ç—å –∑–∞–ø–∏—Å–∞—Ç—å—Å—è –≤ –∫–æ–Ω—Ü–µ —Ç–∏–ø–∞ –≤–∑—è—Ç—å —Ç–æ–ª—å–∫–æ –≤–µ—Å–Ω—É –∏–ª–∏ —Ç–æ–ª—å–∫–æ –º–∞–π –∏–ª–∏ –≤–æ–æ–±—â–µ —Ç–æ–ª—å–∫–æ –ø–∞—Ä—É –Ω–µ–¥–µ–ª—å –¥–æ —ç–∫–∑–æ–≤),–µ—â–µ –Ω–µ –±—Ä–∞–ª–∞
5,16.01.2026 21:34:19,–ª–∏—Ü–µ–π –±–≥—É,11.0,"–ú–∞—Ç–µ–º–∞—Ç–∏–∫–∞, –ë–µ–ª–∞—Ä—É—Å—Å–∫–∏–π",80-90,–Ø —Å—á–∏—Ç–∞—é —á—Ç–æ —Å–¥–∞–º —Å–≤–æ–∏–º–∏ —Å–∏–ª–∞–º–∏,,
6,16.01.2026 21:35:00,–õ–∏—Ü–µ–π –ë–ì–£,11.0,"–ú–∞—Ç–µ–º–∞—Ç–∏–∫–∞, –§–∏–∑–∏–∫–∞, –ë–µ–ª–∞—Ä—É—Å—Å–∫–∏–π",80-90,–Ø —Å—á–∏—Ç–∞—é —á—Ç–æ —Å–¥–∞–º —Å–≤–æ–∏–º–∏ —Å–∏–ª–∞–º–∏,–î—É–º–∞–π –∑–∞–ø–∏—Å–∞—Ç—å—Å—è –Ω–∞ –∏–Ω—Ç–µ–Ω—Å–∏–≤ –ø–µ—Ä–µ–¥ —ç–∫–∑–∞–º–∏ (—É –º–Ω–æ–≥–∏—Ö –∫—É—Ä—Å–æ–≤ –µ—Å—Ç—å –≤–æ–∑–º–æ–∂–Ω–æ—Å—Ç—å –∑–∞–ø–∏—Å–∞—Ç—å—Å—è –≤ –∫–æ–Ω—Ü–µ —Ç–∏–ø–∞ –≤–∑—è—Ç—å —Ç–æ–ª—å–∫–æ –≤–µ—Å–Ω—É –∏–ª–∏ —Ç–æ–ª—å–∫–æ –º–∞–π –∏–ª–∏ –≤–æ–æ–±—â–µ —Ç–æ–ª—å–∫–æ –ø–∞—Ä—É –Ω–µ–¥–µ–ª—å –¥–æ —ç–∫–∑–æ–≤),
7,16.01.2026 21:35:03,–ª–∏—Ü–µ–π –±–≥—É,10.0,"–ú–∞—Ç–µ–º–∞—Ç–∏–∫–∞, –§–∏–∑–∏–∫–∞",90+,–ü–µ—Ä–≤–∞—è –ø–æ–ª–æ–≤–∏–Ω–∞ 10–≥–æ –∫–ª–∞—Å—Å–∞,–ü–µ—Ä–≤–∞—è –ø–æ–ª–æ–≤–∏–Ω–∞ 10–≥–æ –∫–ª–∞—Å—Å–∞,—Ñ–∏–∑–∏–∫–∞/–º–∞—Ç–µ–º
8,16.01.2026 21:35:33,–ª–∏—Ü–µ–π –±–≥—É,11.0,"–ú–∞—Ç–µ–º–∞—Ç–∏–∫–∞, –§–∏–∑–∏–∫–∞, –ë–µ–ª–∞—Ä—É—Å—Å–∫–∏–π",90+,–í—Ç–æ—Ä–∞—è –ø–æ–ª–æ–≤–∏–Ω–∞ 11–≥–æ –∫–ª–∞—Å—Å–∞,–ü–µ—Ä–≤–∞—è –ø–æ–ª–æ–≤–∏–Ω–∞ 11–≥–æ –∫–ª–∞—Å—Å–∞,
9,16.01.2026 21:36:23,–ª–∏—Ü–µ–π,11.0,–†—É—Å—Å–∫–∏–π,–î–æ 70,–Ø —Å—á–∏—Ç–∞—é —á—Ç–æ —Å–¥–∞–º —Å–≤–æ–∏–º–∏ —Å–∏–ª–∞–º–∏,–î—É–º–∞–π –∑–∞–ø–∏—Å–∞—Ç—å—Å—è –Ω–∞ –∏–Ω—Ç–µ–Ω—Å–∏–≤ –ø–µ—Ä–µ–¥ —ç–∫–∑–∞–º–∏ (—É –º–Ω–æ–≥–∏—Ö –∫—É—Ä—Å–æ–≤ –µ—Å—Ç—å –≤–æ–∑–º–æ–∂–Ω–æ—Å—Ç—å –∑–∞–ø–∏—Å–∞—Ç—å—Å—è –≤ –∫–æ–Ω—Ü–µ —Ç–∏–ø–∞ –≤–∑—è—Ç—å —Ç–æ–ª—å–∫–æ –≤–µ—Å–Ω—É –∏–ª–∏ —Ç–æ–ª—å–∫–æ –º–∞–π –∏–ª–∏ –≤–æ–æ–±—â–µ —Ç–æ–ª—å–∫–æ –ø–∞—Ä—É –Ω–µ–¥–µ–ª—å –¥–æ —ç–∫–∑–æ–≤),
10,16.01.2026 21:36:50,–õ–∏—Ü–µ–π –ë–ì–£,11.0,"–†—É—Å—Å–∫–∏–π, –ë–∏–æ–ª–æ–≥–∏—è, –•–∏–º–∏—è",90+,–ü–µ—Ä–≤–∞—è –ø–æ–ª–æ–≤–∏–Ω–∞ 11–≥–æ –∫–ª–∞—Å—Å–∞,–í—Ç–æ—Ä–∞—è –ø–æ–ª–æ–≤–∏–Ω–∞ 11–≥–æ –∫–ª–∞—Å—Å–∞,"–ë–∏–æ–ª–æ–≥–∏—è, —Ä—É—Å—Å–∫–∏–π "
11,16.01.2026 21:40:52,–õ–ë–ì–£,11.0,"–ú–∞—Ç–µ–º–∞—Ç–∏–∫–∞, –§–∏–∑–∏–∫–∞, –†—É—Å—Å–∫–∏–π",90+,–í—Ç–æ—Ä–∞—è –ø–æ–ª–æ–≤–∏–Ω–∞ 10–≥–æ –∫–ª–∞—Å—Å–∞,–ü–µ—Ä–≤–∞—è –ø–æ–ª–æ–≤–∏–Ω–∞ 11–≥–æ –∫–ª–∞—Å—Å–∞,–†—É—Å—Å–∫–∏–π —è–∑—ã–∫ 
12,16.01.2026 21:42:11,–õ–∏—Ü–µ–π –ë–ì–£,11.0,"–ò–Ω–æ—Å—Ç—Ä–∞–Ω–Ω—ã–π —è–∑—ã–∫, –û–±—â–µ—Å—Ç–≤–æ–≤–µ–¥–µ–Ω–∏–µ",90+,–ü–µ—Ä–≤–∞—è –ø–æ–ª–æ–≤–∏–Ω–∞ 10–≥–æ –∫–ª–∞—Å—Å–∞,–ü–µ—Ä–≤–∞—è –ø–æ–ª–æ–≤–∏–Ω–∞ 11–≥–æ –∫–ª–∞—Å—Å–∞,–ê–Ω–≥–ª
13,16.01.2026 21:42:58,–õ–∏—Ü–µ–π –ë–ì–£,10.0,"–ë–µ–ª–∞—Ä—É—Å—Å–∫–∏–π, –ò–Ω–æ—Å—Ç—Ä–∞–Ω–Ω—ã–π —è–∑—ã–∫, –û–±—â–µ—Å—Ç–≤–æ–≤–µ–¥–µ–Ω–∏–µ",90+,–ü–µ—Ä–≤–∞—è –ø–æ–ª–æ–≤–∏–Ω–∞ 10–≥–æ –∫–ª–∞—Å—Å–∞,–í—Ç–æ—Ä–∞—è –ø–æ–ª–æ–≤–∏–Ω–∞ 10–≥–æ –∫–ª–∞—Å—Å–∞,–ê–Ω–≥–ª–∏–π—Å–∫–∏–π 
14,16.01.2026 21:44:00,–õ–∏—Ü–µ–π –ë–ì–£,11.0,"–†—É—Å—Å–∫–∏–π, –ò–Ω–æ—Å—Ç—Ä–∞–Ω–Ω—ã–π —è–∑—ã–∫, –û–±—â–µ—Å—Ç–≤–æ–≤–µ–¥–µ–Ω–∏–µ",90+,–ü–µ—Ä–≤–∞—è –ø–æ–ª–æ–≤–∏–Ω–∞ 11–≥–æ –∫–ª–∞—Å—Å–∞,–ü–µ—Ä–≤–∞—è –ø–æ–ª–æ–≤–∏–Ω–∞ 11–≥–æ –∫–ª–∞—Å—Å–∞,"–ê–Ω–≥–ª–∏–π—Å–∫–∏–π, –†—É—Å—Å–∫–∏–π, –û–±—â–µ—Å—Ç–≤–æ–≤–µ–¥–µ–Ω–∏–µ"
15,16.01.2026 21:44:50,–ª–∏—Ü–µ–π –±–≥—É,10.0,"–ú–∞—Ç–µ–º–∞—Ç–∏–∫–∞, –ò–Ω–æ—Å—Ç—Ä–∞–Ω–Ω—ã–π —è–∑—ã–∫",90+,–Ø —Å—á–∏—Ç–∞—é —á—Ç–æ —Å–¥–∞–º —Å–≤–æ–∏–º–∏ —Å–∏–ª–∞–º–∏,,
16,16.01.2026 21:47:25,–≥–∏–º–Ω–∞–∑–∏—è 41,10.0,"–ú–∞—Ç–µ–º–∞—Ç–∏–∫–∞, –§–∏–∑–∏–∫–∞, –†—É—Å—Å–∫–∏–π",90+,–ü–µ—Ä–≤–∞—è –ø–æ–ª–æ–≤–∏–Ω–∞ 10–≥–æ –∫–ª–∞—Å—Å–∞,,–Ω–µ –±—Ä–∞–ª –Ω–æ –ø–ª–∞–Ω–∏—Ä—É—é –≤–∑—è—Ç—å –ø–æ —Ä—É—Å—Å–∫–æ–º—É –≤ 11
17,16.01.2026 21:51:21,–ª–∏—Ü–µ–π –±–≥—É,11.0,"–ò–Ω–æ—Å—Ç—Ä–∞–Ω–Ω—ã–π —è–∑—ã–∫, –û–±—â–µ—Å—Ç–≤–æ–≤–µ–¥–µ–Ω–∏–µ",90+,–ü–µ—Ä–≤–∞—è –ø–æ–ª–æ–≤–∏–Ω–∞ 11–≥–æ –∫–ª–∞—Å—Å–∞,–î—É–º–∞–π –∑–∞–ø–∏—Å–∞—Ç—å—Å—è –Ω–∞ –∏–Ω—Ç–µ–Ω—Å–∏–≤ –ø–µ—Ä–µ–¥ —ç–∫–∑–∞–º–∏ (—É –º–Ω–æ–≥–∏—Ö –∫—É—Ä—Å–æ–≤ –µ—Å—Ç—å –≤–æ–∑–º–æ–∂–Ω–æ—Å—Ç—å –∑–∞–ø–∏—Å–∞—Ç—å—Å—è –≤ –∫–æ–Ω—Ü–µ —Ç–∏–ø–∞ –≤–∑—è—Ç—å —Ç–æ–ª—å–∫–æ –≤–µ—Å–Ω—É –∏–ª–∏ —Ç–æ–ª—å–∫–æ –º–∞–π –∏–ª–∏ –≤–æ–æ–±—â–µ —Ç–æ–ª—å–∫–æ –ø–∞—Ä—É –Ω–µ–¥–µ–ª—å –¥–æ —ç–∫–∑–æ–≤),–Ω–∏ –ø–æ –∫–∞–∫–∏–º
18,16.01.2026 21:51:29,–ª–∏—Ü–µ–π –±–≥—É,11.0,"–ú–∞—Ç–µ–º–∞—Ç–∏–∫–∞, –§–∏–∑–∏–∫–∞, –ë–µ–ª–∞—Ä—É—Å—Å–∫–∏–π",80-90,–í—Ç–æ—Ä–∞—è –ø–æ–ª–æ–≤–∏–Ω–∞ 10–≥–æ –∫–ª–∞—Å—Å–∞,–ü–µ—Ä–≤–∞—è –ø–æ–ª–æ–≤–∏–Ω–∞ 11–≥–æ –∫–ª–∞—Å—Å–∞,"—Ñ–∏–∑–∏–∫–∞, –±–µ–ª–æ—Ä—É—Å—Å–∫–∏–π "
19,,,,,,,,
20,16.01.2026 21:52:59,–≥–∏–º–Ω–∞–∑–∏—è 41,10.0,"–ú–∞—Ç–µ–º–∞—Ç–∏–∫–∞, –†—É—Å—Å–∫–∏–π",80-90,–ü–µ—Ä–≤–∞—è –ø–æ–ª–æ–≤–∏–Ω–∞ 10–≥–æ –∫–ª–∞—Å—Å–∞,–ü–µ—Ä–≤–∞—è –ø–æ–ª–æ–≤–∏–Ω–∞ 10–≥–æ –∫–ª–∞—Å—Å–∞,"—Ä—É—Å—Å–∫–∏–π, —á–µ—Ä—á–µ–Ω–∏–µ, –∫–æ–º–ø–æ–∑–∏—Ü–∏—è, –∞–∫–∞–¥–µ–º–∏—á–µ—Å–∫–∏–π —Ä–∏—Å—É–Ω–æ–∫"
21,16.01.2026 21:53:19,–õ–∏—Ü–µ–π –ë–ì–£,11.0,"–†—É—Å—Å–∫–∏–π, –û–±—â–µ—Å—Ç–≤–æ–≤–µ–¥–µ–Ω–∏–µ, –ì–µ–æ–≥—Ä–∞—Ñ–∏—è",90+,–ü–µ—Ä–≤–∞—è –ø–æ–ª–æ–≤–∏–Ω–∞ 11–≥–æ –∫–ª–∞—Å—Å–∞,–ü–µ—Ä–≤–∞—è –ø–æ–ª–æ–≤–∏–Ω–∞ 11–≥–æ –∫–ª–∞—Å—Å–∞,–†—É—Å—Å–∫–∏–π —è–∑—ã–∫
22,16.01.2026 22:01:06,–ª–∏—Ü–µ–π –±–≥—É,10.0,"–ú–∞—Ç–µ–º–∞—Ç–∏–∫–∞, –†—É—Å—Å–∫–∏–π, –ò–Ω–æ—Å—Ç—Ä–∞–Ω–Ω—ã–π —è–∑—ã–∫",80-90,–ü–µ—Ä–≤–∞—è –ø–æ–ª–æ–≤–∏–Ω–∞ 10–≥–æ –∫–ª–∞—Å—Å–∞,–ü–µ—Ä–≤–∞—è –ø–æ–ª–æ–≤–∏–Ω–∞ 11–≥–æ –∫–ª–∞—Å—Å–∞,"–≤—Å–µ–º, –Ω–æ –º–∞—Ç–µ–º–∞—Ç–∏–∫—É –Ω–∞–¥–æ —Ä–∞–Ω—å—à–µ –Ω–∞—á–∞—Ç—å"
23,16.01.2026 22:02:39,–ª–∏—Ü–µ–π,11.0,"–ú–∞—Ç–µ–º–∞—Ç–∏–∫–∞, –ë–µ–ª–∞—Ä—É—Å—Å–∫–∏–π",90+,–Ø —Å—á–∏—Ç–∞—é —á—Ç–æ —Å–¥–∞–º —Å–≤–æ–∏–º–∏ —Å–∏–ª–∞–º–∏,,–Ω–µ –±—Ä–∞–ª
24,16.01.2026 22:03:54,–õ–∏—Ü–µ–π –ë–ì–£ ,11.0,"–ú–∞—Ç–µ–º–∞—Ç–∏–∫–∞, –†—É—Å—Å–∫–∏–π, –ò–Ω–æ—Å—Ç—Ä–∞–Ω–Ω—ã–π —è–∑—ã–∫",90+,–í—Ç–æ—Ä–∞—è –ø–æ–ª–æ–≤–∏–Ω–∞ 10–≥–æ –∫–ª–∞—Å—Å–∞,–í—Ç–æ—Ä–∞—è –ø–æ–ª–æ–≤–∏–Ω–∞ 10–≥–æ –∫–ª–∞—Å—Å–∞,–†—É—Å –∏ –∞–Ω–≥–ª
25,16.01.2026 22:08:56,–õ–∏—Ü–µ–π –±–≥—É,11.0,"–†—É—Å—Å–∫–∏–π, –ë–∏–æ–ª–æ–≥–∏—è, –•–∏–º–∏—è",90+,–ü–µ—Ä–≤–∞—è –ø–æ–ª–æ–≤–∏–Ω–∞ 11–≥–æ –∫–ª–∞—Å—Å–∞,–ü–µ—Ä–≤–∞—è –ø–æ–ª–æ–≤–∏–Ω–∞ 11–≥–æ –∫–ª–∞—Å—Å–∞,"–ë–∏–æ–ª–æ–≥–∏—è, —Ö–∏–º–∏—è"
26,16.01.2026 22:09:19,–ª–∏–º—Ñ–µ–¥,11.0,"–ú–∞—Ç–µ–º–∞—Ç–∏–∫–∞, –§–∏–∑–∏–∫–∞, –†—É—Å—Å–∫–∏–π",80-90,–í—Ç–æ—Ä–∞—è –ø–æ–ª–æ–≤–∏–Ω–∞ 10–≥–æ –∫–ª–∞—Å—Å–∞,–ü–µ—Ä–≤–∞—è –ø–æ–ª–æ–≤–∏–Ω–∞ 11–≥–æ –∫–ª–∞—Å—Å–∞,—Ä—É—Å—Å–∫–∏–π
27,16.01.2026 22:09:52,–õ–∏—Ü–µ–π –∏–º. –§.–≠. –î–∑–µ—Ä–∂–∏–Ω—Å–∫–æ–≥–æ –ë–ì–£,10.0,"–†—É—Å—Å–∫–∏–π, –ë–∏–æ–ª–æ–≥–∏—è, –ò—Å—Ç—Ä–∏—è",90+,–Ø —Å—á–∏—Ç–∞—é —á—Ç–æ —Å–¥–∞–º —Å–≤–æ–∏–º–∏ —Å–∏–ª–∞–º–∏,–î—É–º–∞–π –∑–∞–ø–∏—Å–∞—Ç—å—Å—è –Ω–∞ –∏–Ω—Ç–µ–Ω—Å–∏–≤ –ø–µ—Ä–µ–¥ —ç–∫–∑–∞–º–∏ (—É –º–Ω–æ–≥–∏—Ö –∫—É—Ä—Å–æ–≤ –µ—Å—Ç—å –≤–æ–∑–º–æ–∂–Ω–æ—Å—Ç—å –∑–∞–ø–∏—Å–∞—Ç—å—Å—è –≤ –∫–æ–Ω—Ü–µ —Ç–∏–ø–∞ –≤–∑—è—Ç—å —Ç–æ–ª—å–∫–æ –≤–µ—Å–Ω—É –∏–ª–∏ —Ç–æ–ª—å–∫–æ –º–∞–π –∏–ª–∏ –≤–æ–æ–±—â–µ —Ç–æ–ª—å–∫–æ –ø–∞—Ä—É –Ω–µ–¥–µ–ª—å –¥–æ —ç–∫–∑–æ–≤),–±–∏–æ–ª–æ–≥–∏—è
28,16.01.2026 22:13:57,–õ–∏—Ü–µ–π –ë–ì–£,10.0,"–†—É—Å—Å–∫–∏–π, –ò–Ω–æ—Å—Ç—Ä–∞–Ω–Ω—ã–π —è–∑—ã–∫, –û–±—â–µ—Å—Ç–≤–æ–≤–µ–¥–µ–Ω–∏–µ",90+,–Ø —Å—á–∏—Ç–∞—é —á—Ç–æ —Å–¥–∞–º —Å–≤–æ–∏–º–∏ —Å–∏–ª–∞–º–∏,–î—É–º–∞–π –∑–∞–ø–∏—Å–∞—Ç—å—Å—è –Ω–∞ –∏–Ω—Ç–µ–Ω—Å–∏–≤ –ø–µ—Ä–µ–¥ —ç–∫–∑–∞–º–∏ (—É –º–Ω–æ–≥–∏—Ö –∫—É—Ä—Å–æ–≤ –µ—Å—Ç—å –≤–æ–∑–º–æ–∂–Ω–æ—Å—Ç—å –∑–∞–ø–∏—Å–∞—Ç—å—Å—è –≤ –∫–æ–Ω—Ü–µ —Ç–∏–ø–∞ –≤–∑—è—Ç—å —Ç–æ–ª—å–∫–æ –≤–µ—Å–Ω—É –∏–ª–∏ —Ç–æ–ª—å–∫–æ –º–∞–π –∏–ª–∏ –≤–æ–æ–±—â–µ —Ç–æ–ª—å–∫–æ –ø–∞—Ä—É –Ω–µ–¥–µ–ª—å –¥–æ —ç–∫–∑–æ–≤),
29,16.01.2026 22:16:05,–õ–∏—Ü–µ–π —å–≥—É,11.0,"–ú–∞—Ç–µ–º–∞—Ç–∏–∫–∞, –§–∏–∑–∏–∫–∞",90+,–Ø —Å—á–∏—Ç–∞—é —á—Ç–æ —Å–¥–∞–º —Å–≤–æ–∏–º–∏ —Å–∏–ª–∞–º–∏,,–ë–∞—Å–∫–µ—Ç–∞–ë–æ–ª
30,16.01.2026 22:18:04,–ª–∏—Ü–µ–π –±–≥—É,10.0,"–ò–Ω–æ—Å—Ç—Ä–∞–Ω–Ω—ã–π —è–∑—ã–∫, –û–±—â–µ—Å—Ç–≤–æ–≤–µ–¥–µ–Ω–∏–µ, –ò—Å—Ç—Ä–∏—è",90+,–Ø —Å—á–∏—Ç–∞—é —á—Ç–æ —Å–¥–∞–º —Å–≤–æ–∏–º–∏ —Å–∏–ª–∞–º–∏,,
31,16.01.2026 22:18:50,–õ–∏—Ü–µ–π –ë–ì–£ ,11.0,"–ú–∞—Ç–µ–º–∞—Ç–∏–∫–∞, –ë–µ–ª–∞—Ä—É—Å—Å–∫–∏–π, –ò–Ω–æ—Å—Ç—Ä–∞–Ω–Ω—ã–π —è–∑—ã–∫",80-90,–í—Ç–æ—Ä–∞—è –ø–æ–ª–æ–≤–∏–Ω–∞ 11–≥–æ –∫–ª–∞—Å—Å–∞,–î—É–º–∞–π –∑–∞–ø–∏—Å–∞—Ç—å—Å—è –Ω–∞ –∏–Ω—Ç–µ–Ω—Å–∏–≤ –ø–µ—Ä–µ–¥ —ç–∫–∑–∞–º–∏ (—É –º–Ω–æ–≥–∏—Ö –∫—É—Ä—Å–æ–≤ –µ—Å—Ç—å –≤–æ–∑–º–æ–∂–Ω–æ—Å—Ç—å –∑–∞–ø–∏—Å–∞—Ç—å—Å—è –≤ –∫–æ–Ω—Ü–µ —Ç–∏–ø–∞ –≤–∑—è—Ç—å —Ç–æ–ª—å–∫–æ –≤–µ—Å–Ω—É –∏–ª–∏ —Ç–æ–ª—å–∫–æ –º–∞–π –∏–ª–∏ –≤–æ–æ–±—â–µ —Ç–æ–ª—å–∫–æ –ø–∞—Ä—É –Ω–µ–¥–µ–ª—å –¥–æ —ç–∫–∑–æ–≤),"–ï—â—ë –Ω–µ –≤–∑—è–ª–∞, –º–± –ø–æ—Ç–æ–º "
32,16.01.2026 22:19:04,–õ–∏—Ü–µ–π –ë–ì–£,11.0,"–ú–∞—Ç–µ–º–∞—Ç–∏–∫–∞, –§–∏–∑–∏–∫–∞, –†—É—Å—Å–∫–∏–π",90+,–Ø —Å—á–∏—Ç–∞—é —á—Ç–æ —Å–¥–∞–º —Å–≤–æ–∏–º–∏ —Å–∏–ª–∞–º–∏,–î—É–º–∞–π –∑–∞–ø–∏—Å–∞—Ç—å—Å—è –Ω–∞ –∏–Ω—Ç–µ–Ω—Å–∏–≤ –ø–µ—Ä–µ–¥ —ç–∫–∑–∞–º–∏ (—É –º–Ω–æ–≥–∏—Ö –∫—É—Ä—Å–æ–≤ –µ—Å—Ç—å –≤–æ–∑–º–æ–∂–Ω–æ—Å—Ç—å –∑–∞–ø–∏—Å–∞—Ç—å—Å—è –≤ –∫–æ–Ω—Ü–µ —Ç–∏–ø–∞ –≤–∑—è—Ç—å —Ç–æ–ª—å–∫–æ –≤–µ—Å–Ω—É –∏–ª–∏ —Ç–æ–ª—å–∫–æ –º–∞–π –∏–ª–∏ –≤–æ–æ–±—â–µ —Ç–æ–ª—å–∫–æ –ø–∞—Ä—É –Ω–µ–¥–µ–ª—å –¥–æ —ç–∫–∑–æ–≤),–Ω–µ –∑–∞–ø–∏—Å–∞–ª—Å—è
33,16.01.2026 22:19:46,–ª–∏—Ü–µ–π –±–≥—É,11.0,"–ú–∞—Ç–µ–º–∞—Ç–∏–∫–∞, –†—É—Å—Å–∫–∏–π, –ò–Ω–æ—Å—Ç—Ä–∞–Ω–Ω—ã–π —è–∑—ã–∫, –û–±—â–µ—Å—Ç–≤–æ–≤–µ–¥–µ–Ω–∏–µ",90+,–ü–µ—Ä–≤–∞—è –ø–æ–ª–æ–≤–∏–Ω–∞ 11–≥–æ –∫–ª–∞—Å—Å–∞,–ü–µ—Ä–≤–∞—è –ø–æ–ª–æ–≤–∏–Ω–∞ 11–≥–æ –∫–ª–∞—Å—Å–∞,–º–∞—Ç–µ–º–∞—Ç–∏–∫–∞ 
34,16.01.2026 22:26:01,–õ–∏—Ü–µ–π –ë–ì–£,11.0,"–†—É—Å—Å–∫–∏–π, –ë–∏–æ–ª–æ–≥–∏—è, –•–∏–º–∏—è",80-90,–í—Ç–æ—Ä–∞—è –ø–æ–ª–æ–≤–∏–Ω–∞ 10–≥–æ –∫–ª–∞—Å—Å–∞,–ü–µ—Ä–≤–∞—è –ø–æ–ª–æ–≤–∏–Ω–∞ 11–≥–æ –∫–ª–∞—Å—Å–∞,"–•–∏–º–∏—è, –±–∏–æ–ª–æ–≥–∏—è, —Ä—É—Å—Å–∫–∏–π"
35,16.01.2026 22:26:19,–õ—ñ—Ü—ç–π –ë–î–£,11.0,"–ú–∞—Ç–µ–º–∞—Ç–∏–∫–∞, –§–∏–∑–∏–∫–∞, –ë–µ–ª–∞—Ä—É—Å—Å–∫–∏–π",80-90,–Ø —Å—á–∏—Ç–∞—é —á—Ç–æ —Å–¥–∞–º —Å–≤–æ–∏–º–∏ —Å–∏–ª–∞–º–∏,,"–Ω—è–º–∞ —û –º—è–Ω–µ —Ä—ç–ø–µ—Ç–∞, —è —ñ —Ç–∞–∫ –∑–¥–∞–º."
36,16.01.2026 22:26:46,–ª–∏—Ü–µ–π –±–≥—É,11.0,"–†—É—Å—Å–∫–∏–π, –ë–∏–æ–ª–æ–≥–∏—è, –•–∏–º–∏—è",90+,–í—Ç–æ—Ä–∞—è –ø–æ–ª–æ–≤–∏–Ω–∞ 11–≥–æ –∫–ª–∞—Å—Å–∞,–í—Ç–æ—Ä–∞—è –ø–æ–ª–æ–≤–∏–Ω–∞ 11–≥–æ –∫–ª–∞—Å—Å–∞,"–ø–æ —Ö–∏–º–∏–∏. –Ω–æ –µ—â–µ –≤ –∫–æ–Ω—Ü–µ 10, —á—Ç–æ–±—ã –ø–æ–¥—Ç—è–Ω—É—Ç—å –∑–Ω–∞–Ω–∏—è"
37,16.01.2026 22:28:42,–ª—ñ—Ü—ç–π –±–¥—É,11.0,"–ú–∞—Ç–µ–º–∞—Ç–∏–∫–∞, –§–∏–∑–∏–∫–∞, –ë–µ–ª–∞—Ä—É—Å—Å–∫–∏–π",90+,–ü–µ—Ä–≤–∞—è –ø–æ–ª–æ–≤–∏–Ω–∞ 11–≥–æ –∫–ª–∞—Å—Å–∞,–ü–µ—Ä–≤–∞—è –ø–æ–ª–æ–≤–∏–Ω–∞ 11–≥–æ –∫–ª–∞—Å—Å–∞,–º–æ–≤–∞
38,16.01.2026 22:28:59,–ì–∏–º–Ω–∞–∑–∏—è,11.0,"–†—É—Å—Å–∫–∏–π, –ò–Ω–æ—Å—Ç—Ä–∞–Ω–Ω—ã–π —è–∑—ã–∫, –ò—Å—Ç—Ä–∏—è",80-90,–í—Ç–æ—Ä–∞—è –ø–æ–ª–æ–≤–∏–Ω–∞ 10–≥–æ –∫–ª–∞—Å—Å–∞,–ü–µ—Ä–≤–∞—è –ø–æ–ª–æ–≤–∏–Ω–∞ 11–≥–æ –∫–ª–∞—Å—Å–∞,"–ò—Å—Ç–æ—Ä–∏—è –ë–µ–ª–∞—Ä—É—Å–∏ –≤ –∫–æ–Ω—Ç–µ–∫—Å—Ç–µ –≤—Å–µ–º–∏—Ä–Ω–æ–π –∏—Å—Ç–æ—Ä–∏–∏, –∞–Ω–≥–ª–∏–π—Å–∫–∏–π —è–∑—ã–∫"
39,16.01.2026 22:29:20,–ò–ú,11.0,"–ú–∞—Ç–µ–º–∞—Ç–∏–∫–∞, –ë–µ–ª–∞—Ä—É—Å—Å–∫–∏–π, –ò–Ω–æ—Å—Ç—Ä–∞–Ω–Ω—ã–π —è–∑—ã–∫",80-90,–Ø —Å—á–∏—Ç–∞—é —á—Ç–æ —Å–¥–∞–º —Å–≤–æ–∏–º–∏ —Å–∏–ª–∞–º–∏,,
40,16.01.2026 22:35:43,–ì–∏–º–Ω–∞–∑–∏—è –≥. –°–≤–µ—Ç–ª–æ–≥–æ—Ä—Å–∫–∞,11.0,"–ú–∞—Ç–µ–º–∞—Ç–∏–∫–∞, –§–∏–∑–∏–∫–∞, –†—É—Å—Å–∫–∏–π",90+,–ü–µ—Ä–≤–∞—è –ø–æ–ª–æ–≤–∏–Ω–∞ 10–≥–æ –∫–ª–∞—Å—Å–∞,–ü–µ—Ä–≤–∞—è –ø–æ–ª–æ–≤–∏–Ω–∞ 11–≥–æ –∫–ª–∞—Å—Å–∞,–†—É—Å—Å–∫–∏–π —è–∑—ã–∫ 
41,16.01.2026 22:35:52,–õ–ë–ì–£,11.0,"–†—É—Å—Å–∫–∏–π, –ë–∏–æ–ª–æ–≥–∏—è, –•–∏–º–∏—è",90+,–í—Ç–æ—Ä–∞—è –ø–æ–ª–æ–≤–∏–Ω–∞ 10–≥–æ –∫–ª–∞—Å—Å–∞,–ü–µ—Ä–≤–∞—è –ø–æ–ª–æ–≤–∏–Ω–∞ 11–≥–æ –∫–ª–∞—Å—Å–∞,–ö—É—Ä—Å—ã –±–∏–æ –∏ —Ä—É—Å –≤ –ª–∏—Ü–µ–µ
42,16.01.2026 22:36:04,–ª–∏—Ü–µ–π –ª–∞–±—É–±—É ,11.0,"–†—É—Å—Å–∫–∏–π, –ë–∏–æ–ª–æ–≥–∏—è, –•–∏–º–∏—è",90+,–ü–µ—Ä–≤–∞—è –ø–æ–ª–æ–≤–∏–Ω–∞ 10–≥–æ –∫–ª–∞—Å—Å–∞,–ü–µ—Ä–≤–∞—è –ø–æ–ª–æ–≤–∏–Ω–∞ 10–≥–æ –∫–ª–∞—Å—Å–∞,
43,16.01.2026 22:36:12,–ª–±–≥—É,11.0,"–ë–µ–ª–∞—Ä—É—Å—Å–∫–∏–π, –ë–∏–æ–ª–æ–≥–∏—è, –•–∏–º–∏—è",90+,–Ø —Å—á–∏—Ç–∞—é —á—Ç–æ —Å–¥–∞–º —Å–≤–æ–∏–º–∏ —Å–∏–ª–∞–º–∏,–î—É–º–∞–π –∑–∞–ø–∏—Å–∞—Ç—å—Å—è –Ω–∞ –∏–Ω—Ç–µ–Ω—Å–∏–≤ –ø–µ—Ä–µ–¥ —ç–∫–∑–∞–º–∏ (—É –º–Ω–æ–≥–∏—Ö –∫—É—Ä—Å–æ–≤ –µ—Å—Ç—å –≤–æ–∑–º–æ–∂–Ω–æ—Å—Ç—å –∑–∞–ø–∏—Å–∞—Ç—å—Å—è –≤ –∫–æ–Ω—Ü–µ —Ç–∏–ø–∞ –≤–∑—è—Ç—å —Ç–æ–ª—å–∫–æ –≤–µ—Å–Ω—É –∏–ª–∏ —Ç–æ–ª—å–∫–æ –º–∞–π –∏–ª–∏ –≤–æ–æ–±—â–µ —Ç–æ–ª—å–∫–æ –ø–∞—Ä—É –Ω–µ–¥–µ–ª—å –¥–æ —ç–∫–∑–æ–≤),
44,16.01.2026 22:36:15,–ë–ì–£ —Ä—Ñ–∏–∫—Ç,11.0,"–ú–∞—Ç–µ–º–∞—Ç–∏–∫–∞, –§–∏–∑–∏–∫–∞",90+,–ü–µ—Ä–≤–∞—è –ø–æ–ª–æ–≤–∏–Ω–∞ 11–≥–æ –∫–ª–∞—Å—Å–∞,–ü–µ—Ä–≤–∞—è –ø–æ–ª–æ–≤–∏–Ω–∞ 11–≥–æ –∫–ª–∞—Å—Å–∞,–§–∏–∑–∏–∫–∞
45,16.01.2026 22:37:47,–ë–ì–£–§–ü–ú–ò1–ì–†–£–ü–ü–ê,11.0,"–ú–∞—Ç–µ–º–∞—Ç–∏–∫–∞, –§–∏–∑–∏–∫–∞, –†—É—Å—Å–∫–∏–π",90+,–Ø —Å—á–∏—Ç–∞—é —á—Ç–æ —Å–¥–∞–º —Å–≤–æ–∏–º–∏ —Å–∏–ª–∞–º–∏,,–ù–∏ –ø–æ –∫–∞–∫–∏–º—è –ø–∏–≤–∞ –ª—É—á—à–µ –∫—É–ø–ª—é –∏ —Å–≤–æ–∏–º–∏ —Å–∏–ª–∞–º–∏ –Ω–∞ 388 —Å–¥–∞–ª
46,16.01.2026 22:37:49,–°—Ä–µ–¥–Ω—è—è —à–∫–æ–ª–∞ ,11.0,"–ú–∞—Ç–µ–º–∞—Ç–∏–∫–∞, –§–∏–∑–∏–∫–∞, –†—É—Å—Å–∫–∏–π",80-90,–ü–µ—Ä–≤–∞—è –ø–æ–ª–æ–≤–∏–Ω–∞ 10–≥–æ –∫–ª–∞—Å—Å–∞,–ü–µ—Ä–≤–∞—è –ø–æ–ª–æ–≤–∏–Ω–∞ 10–≥–æ –∫–ª–∞—Å—Å–∞,"–ú–∞—Ç–µ–º–∞—Ç–∏–∫–∞, –§–∏–∑–∏–∫–∞ "
47,16.01.2026 22:38:55,–ë–ì–£,11.0,"–ú–∞—Ç–µ–º–∞—Ç–∏–∫–∞, –§–∏–∑–∏–∫–∞, –†—É—Å—Å–∫–∏–π",90+,–Ø —Å—á–∏—Ç–∞—é —á—Ç–æ —Å–¥–∞–º —Å–≤–æ–∏–º–∏ —Å–∏–ª–∞–º–∏,,
48,,,,,,,,
49,16.01.2026 22:39:49,–ì–∏–º–Ω–∞–∑–∏—è 174,11.0,"–ú–∞—Ç–µ–º–∞—Ç–∏–∫–∞, –§–∏–∑–∏–∫–∞, –†—É—Å—Å–∫–∏–π",90+,–í—Ç–æ—Ä–∞—è –ø–æ–ª–æ–≤–∏–Ω–∞ 10–≥–æ –∫–ª–∞—Å—Å–∞,–ü–µ—Ä–≤–∞—è –ø–æ–ª–æ–≤–∏–Ω–∞ 11–≥–æ –∫–ª–∞—Å—Å–∞,"–ú–∞—Ç–µ–º–∞—Ç–∏–∫–∞, —Ñ–∏–∑–∏–∫–∞, —Ä—É—Å—Å–∫–∏–π —è–∑—ã–∫ "
50,16.01.2026 22:40:22,–ë–ì–£ ,11.0,"–ú–∞—Ç–µ–º–∞—Ç–∏–∫–∞, –§–∏–∑–∏–∫–∞, –†—É—Å—Å–∫–∏–π",90+,–ü–µ—Ä–≤–∞—è –ø–æ–ª–æ–≤–∏–Ω–∞ 11–≥–æ –∫–ª–∞—Å—Å–∞,–ü–µ—Ä–≤–∞—è –ø–æ–ª–æ–≤–∏–Ω–∞ 11–≥–æ –∫–ª–∞—Å—Å–∞,—Ñ–∏–∑–∏–∫–∞ 
51,16.01.2026 22:40:37,–ú–ì–û–õ,11.0,"–ú–∞—Ç–µ–º–∞—Ç–∏–∫–∞, –§–∏–∑–∏–∫–∞, –†—É—Å—Å–∫–∏–π",80-90,–ü–µ—Ä–≤–∞—è –ø–æ–ª–æ–≤–∏–Ω–∞ 10–≥–æ –∫–ª–∞—Å—Å–∞,–ü–µ—Ä–≤–∞—è –ø–æ–ª–æ–≤–∏–Ω–∞ 10–≥–æ –∫–ª–∞—Å—Å–∞,"–ú–∞—Ç–µ–º–∞—Ç–∏–∫–∞, —Ñ–∏–∑–∏–∫–∞, —Ä—É—Å—Å–∫–∏–π"
52,16.01.2026 22:41:57,—Ö–æ–≥–≤–∞—Ä—Ç—Å,11.0,"–ú–∞—Ç–µ–º–∞—Ç–∏–∫–∞, –§–∏–∑–∏–∫–∞, –†—É—Å—Å–∫–∏–π",90+,–Ø —Å—á–∏—Ç–∞—é —á—Ç–æ —Å–¥–∞–º —Å–≤–æ–∏–º–∏ —Å–∏–ª–∞–º–∏,–î—É–º–∞–π –∑–∞–ø–∏—Å–∞—Ç—å—Å—è –Ω–∞ –∏–Ω—Ç–µ–Ω—Å–∏–≤ –ø–µ—Ä–µ–¥ —ç–∫–∑–∞–º–∏ (—É –º–Ω–æ–≥–∏—Ö –∫—É—Ä—Å–æ–≤ –µ—Å—Ç—å –≤–æ–∑–º–æ–∂–Ω–æ—Å—Ç—å –∑–∞–ø–∏—Å–∞—Ç—å—Å—è –≤ –∫–æ–Ω—Ü–µ —Ç–∏–ø–∞ –≤–∑—è—Ç—å —Ç–æ–ª—å–∫–æ –≤–µ—Å–Ω—É –∏–ª–∏ —Ç–æ–ª—å–∫–æ –º–∞–π –∏–ª–∏ –≤–æ–æ–±—â–µ —Ç–æ–ª—å–∫–æ –ø–∞—Ä—É –Ω–µ–¥–µ–ª—å –¥–æ —ç–∫–∑–æ–≤),–±—ã–ª–æ –ª–µ–Ω—å
53,16.01.2026 22:45:44,–ì–∏–º–Ω–∞–∑–∏—è 10,11.0,"–ú–∞—Ç–µ–º–∞—Ç–∏–∫–∞, –§–∏–∑–∏–∫–∞, –†—É—Å—Å–∫–∏–π",90+,–ü–µ—Ä–≤–∞—è –ø–æ–ª–æ–≤–∏–Ω–∞ 11–≥–æ –∫–ª–∞—Å—Å–∞,–ü–µ—Ä–≤–∞—è –ø–æ–ª–æ–≤–∏–Ω–∞ 11–≥–æ –∫–ª–∞—Å—Å–∞,–†—É—Å—Å–∫–∏–π
54,16.01.2026 22:46:06,–õ–∏—Ü–µ–π –ë–ì–£ ,11.0,"–ú–∞—Ç–µ–º–∞—Ç–∏–∫–∞, –ë–µ–ª–∞—Ä—É—Å—Å–∫–∏–π, –ò–Ω–æ—Å—Ç—Ä–∞–Ω–Ω—ã–π —è–∑—ã–∫",90+,–ü–µ—Ä–≤–∞—è –ø–æ–ª–æ–≤–∏–Ω–∞ 11–≥–æ –∫–ª–∞—Å—Å–∞,–í—Ç–æ—Ä–∞—è –ø–æ–ª–æ–≤–∏–Ω–∞ 11–≥–æ –∫–ª–∞—Å—Å–∞,–ë–µ–ª–æ—Ä—É—Å—Å–∫–∏–π
55,16.01.2026 22:48:00,–í–£–ó,11.0,"–ú–∞—Ç–µ–º–∞—Ç–∏–∫–∞, –§–∏–∑–∏–∫–∞, –†—É—Å—Å–∫–∏–π",90+,–ü–µ—Ä–≤–∞—è –ø–æ–ª–æ–≤–∏–Ω–∞ 10–≥–æ –∫–ª–∞—Å—Å–∞,–í—Ç–æ—Ä–∞—è –ø–æ–ª–æ–≤–∏–Ω–∞ 10–≥–æ –∫–ª–∞—Å—Å–∞,–§–∏–∑–∏–∫–∞ –º–∞—Ç–µ–º–∞—Ç–∏–∫–∞ —Ä—É—Å—Å–∫–∏–π 
56,16.01.2026 22:49:17,–õ–∏—Ü–µ–π –±–≥—É,11.0,"–†—É—Å—Å–∫–∏–π, –ë–∏–æ–ª–æ–≥–∏—è, –•–∏–º–∏—è",90+,–ü–µ—Ä–≤–∞—è –ø–æ–ª–æ–≤–∏–Ω–∞ 11–≥–æ –∫–ª–∞—Å—Å–∞,–í—Ç–æ—Ä–∞—è –ø–æ–ª–æ–≤–∏–Ω–∞ 11–≥–æ –∫–ª–∞—Å—Å–∞,"–ë–∏–æ, —Ö–∏–º–∏—è, —Ä—É—Å—Å–∫–∏–π"
57,16.01.2026 22:54:44,–ë–ì–£,11.0,"–ú–∞—Ç–µ–º–∞—Ç–∏–∫–∞, –§–∏–∑–∏–∫–∞, –†—É—Å—Å–∫–∏–π",90+,–ü–µ—Ä–≤–∞—è –ø–æ–ª–æ–≤–∏–Ω–∞ 10–≥–æ –∫–ª–∞—Å—Å–∞,–í—Ç–æ—Ä–∞—è –ø–æ–ª–æ–≤–∏–Ω–∞ 10–≥–æ –∫–ª–∞—Å—Å–∞,"–ú–∞—Ç–µ–º–∞—Ç–∏–∫–∞, —Ñ–∏–∑–∏–∫–∞"
58,16.01.2026 22:54:55,–õ–∏—Ü–µ–π –ë–ì–£ ,11.0,"–†—É—Å—Å–∫–∏–π, –ë–∏–æ–ª–æ–≥–∏—è",80-90,–Ø —Å—á–∏—Ç–∞—é —á—Ç–æ —Å–¥–∞–º —Å–≤–æ–∏–º–∏ —Å–∏–ª–∞–º–∏,–î—É–º–∞–π –∑–∞–ø–∏—Å–∞—Ç—å—Å—è –Ω–∞ –∏–Ω—Ç–µ–Ω—Å–∏–≤ –ø–µ—Ä–µ–¥ —ç–∫–∑–∞–º–∏ (—É –º–Ω–æ–≥–∏—Ö –∫—É—Ä—Å–æ–≤ –µ—Å—Ç—å –≤–æ–∑–º–æ–∂–Ω–æ—Å—Ç—å –∑–∞–ø–∏—Å–∞—Ç—å—Å—è –≤ –∫–æ–Ω—Ü–µ —Ç–∏–ø–∞ –≤–∑—è—Ç—å —Ç–æ–ª—å–∫–æ –≤–µ—Å–Ω—É –∏–ª–∏ —Ç–æ–ª—å–∫–æ –º–∞–π –∏–ª–∏ –≤–æ–æ–±—â–µ —Ç–æ–ª—å–∫–æ –ø–∞—Ä—É –Ω–µ–¥–µ–ª—å –¥–æ —ç–∫–∑–æ–≤),–ù–∏ –ø–æ –∫–∞–∫–∏–º 
59,16.01.2026 22:55:42,–ª–∏—Ü–µ–π –±–≥—É ,11.0,"–†—É—Å—Å–∫–∏–π, –ò–Ω–æ—Å—Ç—Ä–∞–Ω–Ω—ã–π —è–∑—ã–∫, –û–±—â–µ—Å—Ç–≤–æ–≤–µ–¥–µ–Ω–∏–µ",90+,–ü–µ—Ä–≤–∞—è –ø–æ–ª–æ–≤–∏–Ω–∞ 11–≥–æ –∫–ª–∞—Å—Å–∞,–ü–µ—Ä–≤–∞—è –ø–æ–ª–æ–≤–∏–Ω–∞ 11–≥–æ –∫–ª–∞—Å—Å–∞,–æ–±—â–µ—Å—Ç–≤–æ 
60,16.01.2026 22:56:56,–õ–∏—Ü–µ–π –±–¥—É ,11.0,"–ú–∞—Ç–µ–º–∞—Ç–∏–∫–∞, –ë–µ–ª–∞—Ä—É—Å—Å–∫–∏–π, –ò–Ω–æ—Å—Ç—Ä–∞–Ω–Ω—ã–π —è–∑—ã–∫",90+,–ü–µ—Ä–≤–∞—è –ø–æ–ª–æ–≤–∏–Ω–∞ 11–≥–æ –∫–ª–∞—Å—Å–∞,–ü–µ—Ä–≤–∞—è –ø–æ–ª–æ–≤–∏–Ω–∞ 10–≥–æ –∫–ª–∞—Å—Å–∞,"–ê–Ω–≥–ª–∏–π—Å–∫–∏–π, –±–µ–ª–æ—Ä—É—Å—Å–∫–∏–π –Ω–∞ 2 –º–µ—Å—è—Ü–∞ –∏ –ø–æ –Ω–µ–º—É –ø–ª–∞–Ω–∏—Ä—É—é –≤–∑—è—Ç—å –∏–Ω—Ç–µ–Ω—Å–∏–≤ –≤ –∫–æ–Ω—Ü–µ –≥–æ–¥–∞"
61,16.01.2026 22:58:29,"–ë–ì–£, –§–ü–ú–ò",11.0,"–ú–∞—Ç–µ–º–∞—Ç–∏–∫–∞, –§–∏–∑–∏–∫–∞, –†—É—Å—Å–∫–∏–π",90+,–í—Ç–æ—Ä–∞—è –ø–æ–ª–æ–≤–∏–Ω–∞ 10–≥–æ –∫–ª–∞—Å—Å–∞,–ü–µ—Ä–≤–∞—è –ø–æ–ª–æ–≤–∏–Ω–∞ 11–≥–æ –∫–ª–∞—Å—Å–∞,"–†—É—Å—Å–∫–∏–π, —Ñ–∏–∑–∏–∫–∞"
62,16.01.2026 23:01:03,–ª–∏—Ü–µ–π –±–≥—É,11.0,"–†—É—Å—Å–∫–∏–π, –ò–Ω–æ—Å—Ç—Ä–∞–Ω–Ω—ã–π —è–∑—ã–∫, –û–±—â–µ—Å—Ç–≤–æ–≤–µ–¥–µ–Ω–∏–µ",90+,–Ø —Å—á–∏—Ç–∞—é —á—Ç–æ —Å–¥–∞–º —Å–≤–æ–∏–º–∏ —Å–∏–ª–∞–º–∏,,
63,16.01.2026 23:03:22,–ë–≥—É,11.0,"–ú–∞—Ç–µ–º–∞—Ç–∏–∫–∞, –§–∏–∑–∏–∫–∞, –†—É—Å—Å–∫–∏–π",90+,–ü–µ—Ä–≤–∞—è –ø–æ–ª–æ–≤–∏–Ω–∞ 11–≥–æ –∫–ª–∞—Å—Å–∞,–ü–µ—Ä–≤–∞—è –ø–æ–ª–æ–≤–∏–Ω–∞ 11–≥–æ –∫–ª–∞—Å—Å–∞,"–ù–µ –±—Ä–∞–ª, –±–∞–ª–ª—ã —Ñ–∏–∑:87 —Ä—É—Å:90 –º–∞—Ç:90. –° –±–æ–ª—å—à–µ–≥–æ –≥–æ—Ç–æ–≤–∏–ª—Å—è —Å–∞–º.–í —à–∫–æ–ª–µ –±—ã–ª–∞ —Å–∏–ª—å–Ω–∞—è –º–∞—Ç–µ–º–∞—Ç–∏–∫–∞,–∞ —Ä—É—Å—Å–∫–∏–π  –∏ —Ñ–∏–∑–∏–∫—É –ø–æ–¥—Ç—è–≥–∏–≤–∞–ª –Ω–∞ –∫—É—Ä—Å–∞—Ö.–ö–∞–∫ –ø–æ –º–Ω–µ –ª—É—á—à–µ –Ω–∞—á–∏–Ω–∞—Ç—å –ø–æ–¥–≥–æ—Ç–æ–≤–∫—É –≤ –∫–æ–Ω—Ü–µ 10 –∫–ª–∞—Å—Å–∞,—á—Ç–æ–±—ã –ø–æ–¥ —ç–∫–∑–∞–º–µ–Ω—ã –Ω–µ –ø–∞—Ä–∏—Ç—å—Å—è "
64,16.01.2026 23:04:49,–ë–ì–£,11.0,"–ú–∞—Ç–µ–º–∞—Ç–∏–∫–∞, –§–∏–∑–∏–∫–∞, –†—É—Å—Å–∫–∏–π",90+,–ü–µ—Ä–≤–∞—è –ø–æ–ª–æ–≤–∏–Ω–∞ 10–≥–æ –∫–ª–∞—Å—Å–∞,–ü–µ—Ä–≤–∞—è –ø–æ–ª–æ–≤–∏–Ω–∞ 10–≥–æ –∫–ª–∞—Å—Å–∞,"—Ä—É—Å—Å–∫–∏–π, —Ñ–∏–∑–∏–∫–∞"
65,16.01.2026 23:05:25,–ë–ì–£ ,11.0,"–ú–∞—Ç–µ–º–∞—Ç–∏–∫–∞, –§–∏–∑–∏–∫–∞, –†—É—Å—Å–∫–∏–π",90+,–Ø —Å—á–∏—Ç–∞—é —á—Ç–æ —Å–¥–∞–º —Å–≤–æ–∏–º–∏ —Å–∏–ª–∞–º–∏,–î—É–º–∞–π –∑–∞–ø–∏—Å–∞—Ç—å—Å—è –Ω–∞ –∏–Ω—Ç–µ–Ω—Å–∏–≤ –ø–µ—Ä–µ–¥ —ç–∫–∑–∞–º–∏ (—É –º–Ω–æ–≥–∏—Ö –∫—É—Ä—Å–æ–≤ –µ—Å—Ç—å –≤–æ–∑–º–æ–∂–Ω–æ—Å—Ç—å –∑–∞–ø–∏—Å–∞—Ç—å—Å—è –≤ –∫–æ–Ω—Ü–µ —Ç–∏–ø–∞ –≤–∑—è—Ç—å —Ç–æ–ª—å–∫–æ –≤–µ—Å–Ω—É –∏–ª–∏ —Ç–æ–ª—å–∫–æ –º–∞–π –∏–ª–∏ –≤–æ–æ–±—â–µ —Ç–æ–ª—å–∫–æ –ø–∞—Ä—É –Ω–µ–¥–µ–ª—å –¥–æ —ç–∫–∑–æ–≤),–ê–ª–∫–æ–≥–æ–ª–∏–∑–º—É
66,16.01.2026 23:05:31,–õ–∏—Ü—ç–π –ë–î–£,11.0,"–ú–∞—Ç–µ–º–∞—Ç–∏–∫–∞, –†—É—Å—Å–∫–∏–π, –ò–Ω–æ—Å—Ç—Ä–∞–Ω–Ω—ã–π —è–∑—ã–∫",90+,–í—Ç–æ—Ä–∞—è –ø–æ–ª–æ–≤–∏–Ω–∞ 10–≥–æ –∫–ª–∞—Å—Å–∞,–î—É–º–∞–π –∑–∞–ø–∏—Å–∞—Ç—å—Å—è –Ω–∞ –∏–Ω—Ç–µ–Ω—Å–∏–≤ –ø–µ—Ä–µ–¥ —ç–∫–∑–∞–º–∏ (—É –º–Ω–æ–≥–∏—Ö –∫—É—Ä—Å–æ–≤ –µ—Å—Ç—å –≤–æ–∑–º–æ–∂–Ω–æ—Å—Ç—å –∑–∞–ø–∏—Å–∞—Ç—å—Å—è –≤ –∫–æ–Ω—Ü–µ —Ç–∏–ø–∞ –≤–∑—è—Ç—å —Ç–æ–ª—å–∫–æ –≤–µ—Å–Ω—É –∏–ª–∏ —Ç–æ–ª—å–∫–æ –º–∞–π –∏–ª–∏ –≤–æ–æ–±—â–µ —Ç–æ–ª—å–∫–æ –ø–∞—Ä—É –Ω–µ–¥–µ–ª—å –¥–æ —ç–∫–∑–æ–≤),-
67,16.01.2026 23:08:00,–õ–ë–ù–¢–£,11.0,"–ú–∞—Ç–µ–º–∞—Ç–∏–∫–∞, –§–∏–∑–∏–∫–∞, –†—É—Å—Å–∫–∏–π",90+,–í—Ç–æ—Ä–∞—è –ø–æ–ª–æ–≤–∏–Ω–∞ 10–≥–æ –∫–ª–∞—Å—Å–∞,–í—Ç–æ—Ä–∞—è –ø–æ–ª–æ–≤–∏–Ω–∞ 10–≥–æ –∫–ª–∞—Å—Å–∞,–§–∏–∑–∏–∫–∞+–†—É—Å—Å–∫–∏–π(–ù–æ –∑–∞—Å—Ç–∞–≤–∏–ª–∏ –≤–∑—è—Ç—å –Ω–µ–Ω—É–∂–Ω—É—é –º–∞—Ç–µ—à—É)
68,16.01.2026 23:14:30,–õ–∏—Ü–µ–π –ë–ì–£,11.0,"–ë–µ–ª–∞—Ä—É—Å—Å–∫–∏–π, –ë–∏–æ–ª–æ–≥–∏—è, –•–∏–º–∏—è",90+,–ü–µ—Ä–≤–∞—è –ø–æ–ª–æ–≤–∏–Ω–∞ 10–≥–æ –∫–ª–∞—Å—Å–∞,–ü–µ—Ä–≤–∞—è –ø–æ–ª–æ–≤–∏–Ω–∞ 10–≥–æ –∫–ª–∞—Å—Å–∞,"–ë–∏–æ–ª–æ–≥–∏—è, —Ñ–∞–∫—É–ª—å—Ç–∞—Ç–∏–≤ –≤ —à–∫–æ–ª–µ –ø–æ –±–µ–ª–æ—Ä—É—Å—Å–∫–æ–º—É"
69,16.01.2026 23:17:05,–õ–∏—Ü–µ–π –±–≥—É,11.0,"–ú–∞—Ç–µ–º–∞—Ç–∏–∫–∞, –§–∏–∑–∏–∫–∞, –†—É—Å—Å–∫–∏–π",90+,–ü–µ—Ä–≤–∞—è –ø–æ–ª–æ–≤–∏–Ω–∞ 10–≥–æ –∫–ª–∞—Å—Å–∞,–ü–µ—Ä–≤–∞—è –ø–æ–ª–æ–≤–∏–Ω–∞ 11–≥–æ –∫–ª–∞—Å—Å–∞,"–§–∏–∑–∏–∫–∞, –º–∞—Ç–µ–º, —Ä—É—Å"
70,16.01.2026 23:28:02,–õ–∏—Ü–µ–π –ë–ì–£,11.0,"–ë–µ–ª–∞—Ä—É—Å—Å–∫–∏–π, –û–±—â–µ—Å—Ç–≤–æ–≤–µ–¥–µ–Ω–∏–µ, –ò—Å—Ç—Ä–∏—è",80-90,–ü–µ—Ä–≤–∞—è –ø–æ–ª–æ–≤–∏–Ω–∞ 11–≥–æ –∫–ª–∞—Å—Å–∞,–ü–µ—Ä–≤–∞—è –ø–æ–ª–æ–≤–∏–Ω–∞ 11–≥–æ –∫–ª–∞—Å—Å–∞,–ò—Å—Ç–æ—Ä–∏—è
71,16.01.2026 23:28:56,"–ë–ì–£ , —Ñ–∞–∫—É–ª—å—Ç–µ—Ç —Ä–∞–¥–∏–æ—Ñ–∏–∑–∏–∫–∏ –∏ –∏–Ω—Ñ–æ—Ä–º–∞—Ü–∏–æ–Ω–Ω—ã—Ö —Ç–µ—Ö–Ω–æ–ª–æ–≥–∏–π",11.0,"–ú–∞—Ç–µ–º–∞—Ç–∏–∫–∞, –§–∏–∑–∏–∫–∞, –†—É—Å—Å–∫–∏–π",70-80,–ü–µ—Ä–≤–∞—è –ø–æ–ª–æ–≤–∏–Ω–∞ 10–≥–æ –∫–ª–∞—Å—Å–∞,–ü–µ—Ä–≤–∞—è –ø–æ–ª–æ–≤–∏–Ω–∞ 10–≥–æ –∫–ª–∞—Å—Å–∞,"–§–∏–∑–∏–∫–∞ , –º–∞—Ç–µ–º–∞—Ç–∏–∫–∞ , —Ä—É—Å—Å–∫–∏–π"
72,16.01.2026 23:31:39,–õ–∏—Ü–µ–π –ë–ì–£ ,11.0,"–ú–∞—Ç–µ–º–∞—Ç–∏–∫–∞, –†—É—Å—Å–∫–∏–π, –ò–Ω–æ—Å—Ç—Ä–∞–Ω–Ω—ã–π —è–∑—ã–∫",90+,–í—Ç–æ—Ä–∞—è –ø–æ–ª–æ–≤–∏–Ω–∞ 10–≥–æ –∫–ª–∞—Å—Å–∞,–í—Ç–æ—Ä–∞—è –ø–æ–ª–æ–≤–∏–Ω–∞ 10–≥–æ –∫–ª–∞—Å—Å–∞,–í—Å–µ
73,16.01.2026 23:31:46,–°—à 66 –≥ –ì–æ–º–µ–ª—è,11.0,"–ú–∞—Ç–µ–º–∞—Ç–∏–∫–∞, –§–∏–∑–∏–∫–∞, –†—É—Å—Å–∫–∏–π",90+,–ü–µ—Ä–≤–∞—è –ø–æ–ª–æ–≤–∏–Ω–∞ 10–≥–æ –∫–ª–∞—Å—Å–∞,–ü–µ—Ä–≤–∞—è –ø–æ–ª–æ–≤–∏–Ω–∞ 10–≥–æ –∫–ª–∞—Å—Å–∞,–†—É—Å—Å–∫–∏–π
74,16.01.2026 23:32:57,–õ–∏—Ü–µ–π –ë–ì–£ü´∂,11.0,"–ú–∞—Ç–µ–º–∞—Ç–∏–∫–∞, –§–∏–∑–∏–∫–∞, –†—É—Å—Å–∫–∏–π",90+,–ü–µ—Ä–≤–∞—è –ø–æ–ª–æ–≤–∏–Ω–∞ 11–≥–æ –∫–ª–∞—Å—Å–∞,–ü–µ—Ä–≤–∞—è –ø–æ–ª–æ–≤–∏–Ω–∞ 11–≥–æ –∫–ª–∞—Å—Å–∞,"–†—É—Å—Å–∫–∏–π, –Ω–æ –µ—â–µ –ø–ª–∞–Ω–∏—Ä—É—é –Ω–∞ —Ñ–∏–∑–∏–∫—É"
75,16.01.2026 23:56:49,–õ–∏—Ü–µ–π –ë–ì–£,11.0,"–ú–∞—Ç–µ–º–∞—Ç–∏–∫–∞, –†—É—Å—Å–∫–∏–π, –ò–Ω–æ—Å—Ç—Ä–∞–Ω–Ω—ã–π —è–∑—ã–∫",90+,–Ø —Å—á–∏—Ç–∞—é —á—Ç–æ —Å–¥–∞–º —Å–≤–æ–∏–º–∏ —Å–∏–ª–∞–º–∏,–ü–µ—Ä–≤–∞—è –ø–æ–ª–æ–≤–∏–Ω–∞ 11–≥–æ –∫–ª–∞—Å—Å–∞,–ò–Ω–æ—Å—Ç—Ä–∞–Ω–Ω—ã–π —è–∑—ã–∫ (–∞–Ω–≥–ª–∏–π—Å–∫–∏–π —è–∑—ã–∫)
76,17.01.2026 0:00:37,–®–∫–æ–ª–∞ ,11.0,"–ú–∞—Ç–µ–º–∞—Ç–∏–∫–∞, –§–∏–∑–∏–∫–∞, –†—É—Å—Å–∫–∏–π",80-90,–ü–µ—Ä–≤–∞—è –ø–æ–ª–æ–≤–∏–Ω–∞ 10–≥–æ –∫–ª–∞—Å—Å–∞,–ü–µ—Ä–≤–∞—è –ø–æ–ª–æ–≤–∏–Ω–∞ 10–≥–æ –∫–ª–∞—Å—Å–∞,"–ú–∞—Ç–µ–º–∞—Ç–∏–∫–∞, —Ñ–∏–∑–∏–∫–∞, —Ä—É—Å—Å–∫–∏–π "
77,17.01.2026 0:22:59,–ª—ñ—Ü—ç–π –±–¥—É,11.0,"–ú–∞—Ç–µ–º–∞—Ç–∏–∫–∞, –ë–µ–ª–∞—Ä—É—Å—Å–∫–∏–π, –ò–Ω–æ—Å—Ç—Ä–∞–Ω–Ω—ã–π —è–∑—ã–∫",90+,–ü–µ—Ä–≤–∞—è –ø–æ–ª–æ–≤–∏–Ω–∞ 11–≥–æ –∫–ª–∞—Å—Å–∞,–í—Ç–æ—Ä–∞—è –ø–æ–ª–æ–≤–∏–Ω–∞ 11–≥–æ –∫–ª–∞—Å—Å–∞,–º–∞—Ç—ç–º–∞—Ç—ã–∫–∞ —ñ –ø–∞–∑–Ω–µ–π –±–µ–ª–∞—Ä—É—Å–∫–∞—è ü§ó
78,17.01.2026 0:28:44,–õ–∏—Ü–µ–π –ë–ì–£,10.0,"–ú–∞—Ç–µ–º–∞—Ç–∏–∫–∞, –§–∏–∑–∏–∫–∞, –ë–µ–ª–∞—Ä—É—Å—Å–∫–∏–π",80-90,–í—Ç–æ—Ä–∞—è –ø–æ–ª–æ–≤–∏–Ω–∞ 10–≥–æ –∫–ª–∞—Å—Å–∞,–í—Ç–æ—Ä–∞—è –ø–æ–ª–æ–≤–∏–Ω–∞ 10–≥–æ –∫–ª–∞—Å—Å–∞,–§–∏–∑–∏–∫–∞
79,17.01.2026 1:01:43,–ø–æ–∫–∞ –Ω–∏–≥–¥–µ,11.0,"–†—É—Å—Å–∫–∏–π, –ò–Ω–æ—Å—Ç—Ä–∞–Ω–Ω—ã–π —è–∑—ã–∫",90+,–Ø —Å—á–∏—Ç–∞—é —á—Ç–æ —Å–¥–∞–º —Å–≤–æ–∏–º–∏ —Å–∏–ª–∞–º–∏,,–∑–º–∏—Ü–µ—Ä —è –Ω–µ –±—Ä–∞–ª–∞ —Ä–µ–ø–µ—Ç–∞
80,17.01.2026 1:06:04,—É–Ω–∏–≤–µ—Ä,11.0,"–ú–∞—Ç–µ–º–∞—Ç–∏–∫–∞, –§–∏–∑–∏–∫–∞, –†—É—Å—Å–∫–∏–π",80-90,–Ø —Å—á–∏—Ç–∞—é —á—Ç–æ —Å–¥–∞–º —Å–≤–æ–∏–º–∏ —Å–∏–ª–∞–º–∏,–î—É–º–∞–π –∑–∞–ø–∏—Å–∞—Ç—å—Å—è –Ω–∞ –∏–Ω—Ç–µ–Ω—Å–∏–≤ –ø–µ—Ä–µ–¥ —ç–∫–∑–∞–º–∏ (—É –º–Ω–æ–≥–∏—Ö –∫—É—Ä—Å–æ–≤ –µ—Å—Ç—å –≤–æ–∑–º–æ–∂–Ω–æ—Å—Ç—å –∑–∞–ø–∏—Å–∞—Ç—å—Å—è –≤ –∫–æ–Ω—Ü–µ —Ç–∏–ø–∞ –≤–∑—è—Ç—å —Ç–æ–ª—å–∫–æ –≤–µ—Å–Ω—É –∏–ª–∏ —Ç–æ–ª—å–∫–æ –º–∞–π –∏–ª–∏ –≤–æ–æ–±—â–µ —Ç–æ–ª—å–∫–æ –ø–∞—Ä—É –Ω–µ–¥–µ–ª—å –¥–æ —ç–∫–∑–æ–≤),–Ω–µ –±—Ä–∞–ª
81,17.01.2026 1:23:04,–ª–±–≥—É,11.0,"–ë–µ–ª–∞—Ä—É—Å—Å–∫–∏–π, –û–±—â–µ—Å—Ç–≤–æ–≤–µ–¥–µ–Ω–∏–µ, –ò—Å—Ç—Ä–∏—è",90+,–Ø —Å—á–∏—Ç–∞—é —á—Ç–æ —Å–¥–∞–º —Å–≤–æ–∏–º–∏ —Å–∏–ª–∞–º–∏,,
82,17.01.2026 2:16:51,–õ–∏—Ü–µ–π –ë–ì–£ ,11.0,"–†—É—Å—Å–∫–∏–π, –ò–Ω–æ—Å—Ç—Ä–∞–Ω–Ω—ã–π —è–∑—ã–∫",70-80,–Ø —Å—á–∏—Ç–∞—é —á—Ç–æ —Å–¥–∞–º —Å–≤–æ–∏–º–∏ —Å–∏–ª–∞–º–∏,,
83,17.01.2026 6:33:39,–ì–∏–º–Ω–∞–∑–∏—è ,11.0,"–ú–∞—Ç–µ–º–∞—Ç–∏–∫–∞, –§–∏–∑–∏–∫–∞, –ë–µ–ª–∞—Ä—É—Å—Å–∫–∏–π",90+,–í—Ç–æ—Ä–∞—è –ø–æ–ª–æ–≤–∏–Ω–∞ 10–≥–æ –∫–ª–∞—Å—Å–∞,–ü–µ—Ä–≤–∞—è –ø–æ–ª–æ–≤–∏–Ω–∞ 11–≥–æ –∫–ª–∞—Å—Å–∞,–§–∏–∑–∏–∫–∞ 
84,17.01.2026 6:50:24,–í —à–∫–æ–ª–µ,11.0,"–†—É—Å—Å–∫–∏–π, –ò—Å—Ç—Ä–∏—è",–î–æ 70,–í—Ç–æ—Ä–∞—è –ø–æ–ª–æ–≤–∏–Ω–∞ 10–≥–æ –∫–ª–∞—Å—Å–∞,–ü–µ—Ä–≤–∞—è –ø–æ–ª–æ–≤–∏–Ω–∞ 11–≥–æ –∫–ª–∞—Å—Å–∞,"–†—É—Å—Å–∫–∏–π, –∏—Å—Ç–æ—Ä–∏—è "
85,17.01.2026 9:11:57,"–ì–£–û ""–°—Ä–µ–¥–Ω—è—è —à–∫–æ–ª–∞ ‚Ññ 2 –≥. –°—Ç–∞—Ä—ã–µ –î–æ—Ä–æ–≥–∏""",11.0,"–ë–µ–ª–∞—Ä—É—Å—Å–∫–∏–π, –ë–∏–æ–ª–æ–≥–∏—è",80-90,–í—Ç–æ—Ä–∞—è –ø–æ–ª–æ–≤–∏–Ω–∞ 10–≥–æ –∫–ª–∞—Å—Å–∞,–í—Ç–æ—Ä–∞—è –ø–æ–ª–æ–≤–∏–Ω–∞ 10–≥–æ –∫–ª–∞—Å—Å–∞,–ú–∞—Ç–µ–º–∞—Ç–∏–∫–∞
86,17.01.2026 9:24:43,–õ–±–≥—É,11.0,"–ú–∞—Ç–µ–º–∞—Ç–∏–∫–∞, –§–∏–∑–∏–∫–∞, –†—É—Å—Å–∫–∏–π",80-90,–Ø —Å—á–∏—Ç–∞—é —á—Ç–æ —Å–¥–∞–º —Å–≤–æ–∏–º–∏ —Å–∏–ª–∞–º–∏,–î—É–º–∞–π –∑–∞–ø–∏—Å–∞—Ç—å—Å—è –Ω–∞ –∏–Ω—Ç–µ–Ω—Å–∏–≤ –ø–µ—Ä–µ–¥ —ç–∫–∑–∞–º–∏ (—É –º–Ω–æ–≥–∏—Ö –∫—É—Ä—Å–æ–≤ –µ—Å—Ç—å –≤–æ–∑–º–æ–∂–Ω–æ—Å—Ç—å –∑–∞–ø–∏—Å–∞—Ç—å—Å—è –≤ –∫–æ–Ω—Ü–µ —Ç–∏–ø–∞ –≤–∑—è—Ç—å —Ç–æ–ª—å–∫–æ –≤–µ—Å–Ω—É –∏–ª–∏ —Ç–æ–ª—å–∫–æ –º–∞–π –∏–ª–∏ –≤–æ–æ–±—â–µ —Ç–æ–ª—å–∫–æ –ø–∞—Ä—É –Ω–µ–¥–µ–ª—å –¥–æ —ç–∫–∑–æ–≤),–ù–æ–ª—åüòî
87,17.01.2026 9:24:52,–≤ —Å—Ä–µ–¥–Ω–µ–π —à–∫,11.0,"–†—É—Å—Å–∫–∏–π, –ë–∏–æ–ª–æ–≥–∏—è, –•–∏–º–∏—è",90+,–Ø —Å—á–∏—Ç–∞—é —á—Ç–æ —Å–¥–∞–º —Å–≤–æ–∏–º–∏ —Å–∏–ª–∞–º–∏,,
88,17.01.2026 9:26:31,–ú–ì–û–õ3 ,11.0,"–ë–µ–ª–∞—Ä—É—Å—Å–∫–∏–π, –ë–∏–æ–ª–æ–≥–∏—è, –ò—Å—Ç—Ä–∏—è",80-90,–Ø —Å—á–∏—Ç–∞—é —á—Ç–æ —Å–¥–∞–º —Å–≤–æ–∏–º–∏ —Å–∏–ª–∞–º–∏,,
89,17.01.2026 9:27:17,–ì–æ–º–µ–ª—å—Å–∫–∏–π –≥–æ—Å—É–¥–∞—Ä—Å—Ç–≤–µ–Ω–Ω—ã–π –æ–±–ª–∞—Å—Ç–Ω–æ–π –ª–∏—Ü–µ–π,11.0,"–ë–µ–ª–∞—Ä—É—Å—Å–∫–∏–π, –ë–∏–æ–ª–æ–≥–∏—è, –•–∏–º–∏—è",90+,–ü–µ—Ä–≤–∞—è –ø–æ–ª–æ–≤–∏–Ω–∞ 10–≥–æ –∫–ª–∞—Å—Å–∞,–ü–µ—Ä–≤–∞—è –ø–æ–ª–æ–≤–∏–Ω–∞ 10–≥–æ –∫–ª–∞—Å—Å–∞,"–•–∏–º–∏—è, –±–µ–ª–æ—Ä—É—Å—Å–∫–∏–π "
90,17.01.2026 10:04:11,–ì–£–û ¬´–ì–∏–º–Ω–∞–∑–∏—è ‚Ññ1 –≥. –í–∏—Ç–µ–±—Å–∫–∞ –∏–º–µ–Ω–∏ –ñ. –ò. –ê–ª—Ñ–µ—Ä–æ–≤–∞¬ª,11.0,"–†—É—Å—Å–∫–∏–π, –ë–∏–æ–ª–æ–≥–∏—è, –•–∏–º–∏—è",90+,–í—Ç–æ—Ä–∞—è –ø–æ–ª–æ–≤–∏–Ω–∞ 10–≥–æ –∫–ª–∞—Å—Å–∞,–ü–µ—Ä–≤–∞—è –ø–æ–ª–æ–≤–∏–Ω–∞ 11–≥–æ –∫–ª–∞—Å—Å–∞,"—Ä—É—Å—Å–∫–∏–π —è–∑—ã–∫, —Ö–∏–º–∏—è "
91,17.01.2026 10:14:22,–ì–∏–º–Ω–∞–∑–∏—è 1 –í–∏—Ç–µ–±—Å–∫,11.0,"–†—É—Å—Å–∫–∏–π, –ë–∏–æ–ª–æ–≥–∏—è, –•–∏–º–∏—è",90+,–ü–µ—Ä–≤–∞—è –ø–æ–ª–æ–≤–∏–Ω–∞ 10–≥–æ –∫–ª–∞—Å—Å–∞,–ü–µ—Ä–≤–∞—è –ø–æ–ª–æ–≤–∏–Ω–∞ 10–≥–æ –∫–ª–∞—Å—Å–∞,"–•–∏–º–∏—è, —Ä—É—Å—Å–∫–∏–π"
92,17.01.2026 12:19:00,–õ–∏—Ü–µ–π ,11.0,"–†—É—Å—Å–∫–∏–π, –û–±—â–µ—Å—Ç–≤–æ–≤–µ–¥–µ–Ω–∏–µ",90+,–Ø —Å—á–∏—Ç–∞—é —á—Ç–æ —Å–¥–∞–º —Å–≤–æ–∏–º–∏ —Å–∏–ª–∞–º–∏,–î—É–º–∞–π –∑–∞–ø–∏—Å–∞—Ç—å—Å—è –Ω–∞ –∏–Ω—Ç–µ–Ω—Å–∏–≤ –ø–µ—Ä–µ–¥ —ç–∫–∑–∞–º–∏ (—É –º–Ω–æ–≥–∏—Ö –∫—É—Ä—Å–æ–≤ –µ—Å—Ç—å –≤–æ–∑–º–æ–∂–Ω–æ—Å—Ç—å –∑–∞–ø–∏—Å–∞—Ç—å—Å—è –≤ –∫–æ–Ω—Ü–µ —Ç–∏–ø–∞ –≤–∑—è—Ç—å —Ç–æ–ª—å–∫–æ –≤–µ—Å–Ω—É –∏–ª–∏ —Ç–æ–ª—å–∫–æ –º–∞–π –∏–ª–∏ –≤–æ–æ–±—â–µ —Ç–æ–ª—å–∫–æ –ø–∞—Ä—É –Ω–µ–¥–µ–ª—å –¥–æ —ç–∫–∑–æ–≤),–ù–µ—Ç 
93,17.01.2026 12:27:10,–£–Ω–∏–≤–µ—Ä—Å–∏—Ç–µ—Ç ,11.0,"–†—É—Å—Å–∫–∏–π, –ò–Ω–æ—Å—Ç—Ä–∞–Ω–Ω—ã–π —è–∑—ã–∫, –ò—Å—Ç—Ä–∏—è",–î–æ 70,–Ø —Å—á–∏—Ç–∞—é —á—Ç–æ —Å–¥–∞–º —Å–≤–æ–∏–º–∏ —Å–∏–ª–∞–º–∏,,
94,17.01.2026 12:27:48,–õ–∏—Ü–µ–π –ë–ì–£,11.0,"–†—É—Å—Å–∫–∏–π, –ë–∏–æ–ª–æ–≥–∏—è, –•–∏–º–∏—è",80-90,–í—Ç–æ—Ä–∞—è –ø–æ–ª–æ–≤–∏–Ω–∞ 10–≥–æ –∫–ª–∞—Å—Å–∞,–ü–µ—Ä–≤–∞—è –ø–æ–ª–æ–≤–∏–Ω–∞ 11–≥–æ –∫–ª–∞—Å—Å–∞,"–∫—É—Ä—Å—ã –ø–æ —Ö–∏–º–∏–∏ –≤ —É–Ω–∏–≤–µ—Ä—Å–∏—Ç–µ—Ç–µ, —Ñ–∞–∫—É–ª—å—Ç–∞—Ç–∏–≤ –ø–æ –±–∏–æ–ª–æ–≥–∏–∏ –≤ –ª–∏—Ü–µ–µ "
95,17.01.2026 12:30:30,–í —Å—Ä–µ–¥–Ω–µ–π —à–∫–æ–ª–µ,11.0,"–ë–µ–ª–∞—Ä—É—Å—Å–∫–∏–π, –ë–∏–æ–ª–æ–≥–∏—è, –•–∏–º–∏—è",90+,–ü–µ—Ä–≤–∞—è –ø–æ–ª–æ–≤–∏–Ω–∞ 10–≥–æ –∫–ª–∞—Å—Å–∞,–ü–µ—Ä–≤–∞—è –ø–æ–ª–æ–≤–∏–Ω–∞ 10–≥–æ –∫–ª–∞—Å—Å–∞,–•–∏–º–∏—è
96,17.01.2026 12:38:25,–°—Ä–µ–¥–Ω—è—è —à–∫–æ–ª–∞ 30 –≥–æ—Ä–æ–¥–∞ –º–∏–Ω—Å–∫–∞,11.0,"–†—É—Å—Å–∫–∏–π, –ò–Ω–æ—Å—Ç—Ä–∞–Ω–Ω—ã–π —è–∑—ã–∫, –û–±—â–µ—Å—Ç–≤–æ–≤–µ–¥–µ–Ω–∏–µ",70-80,–í—Ç–æ—Ä–∞—è –ø–æ–ª–æ–≤–∏–Ω–∞ 10–≥–æ –∫–ª–∞—Å—Å–∞,–ü–µ—Ä–≤–∞—è –ø–æ–ª–æ–≤–∏–Ω–∞ 11–≥–æ –∫–ª–∞—Å—Å–∞,"–†—É—Å—Å–∫–∏–π –∫—É—Ä—Å—ã, –æ–±—â–µ—Å—Ç–≤–æ–≤–µ–¥–µ–Ω–∏–µ —Å–∞–º–æ—Å—Ç–æ—è—Ç–µ–ª—å–Ω–µ –∏–∑—É—á–µ–Ω–∏–µ —Å –¥—Ä—É–≥–æ–º, –∑–Ω–∞—é—â–∏–º –æ–±—â–µ—Å—Ç–≤–æ–≤–µ–¥–µ–Ω–∏–µ, –∞–Ω–≥–ª–∏–π—Å–∫–∏–π —Ä–∞–∑–≥–æ–≤–æ—Ä–Ω—ã–µ –∫—É—Ä—Å—ã"
97,17.01.2026 12:40:04,–°–∞—à n30 –≥. –ú–∏–Ω—Å–∫,11.0,"–†—É—Å—Å–∫–∏–π, –ò—Å—Ç—Ä–∏—è",90+,–ü–µ—Ä–≤–∞—è –ø–æ–ª–æ–≤–∏–Ω–∞ 11–≥–æ –∫–ª–∞—Å—Å–∞,–ü–µ—Ä–≤–∞—è –ø–æ–ª–æ–≤–∏–Ω–∞ 11–≥–æ –∫–ª–∞—Å—Å–∞,–†—É—Å—Å–∫–∏–π 
98,17.01.2026 12:43:58,—Å—è—Ä—ç–¥–Ω—è—è —à–∫–æ–ª–∞ 30,11.0,"–ë–µ–ª–∞—Ä—É—Å—Å–∫–∏–π, –û–±—â–µ—Å—Ç–≤–æ–≤–µ–¥–µ–Ω–∏–µ, –ò—Å—Ç—Ä–∏—è",90+,–Ø —Å—á–∏—Ç–∞—é —á—Ç–æ —Å–¥–∞–º —Å–≤–æ–∏–º–∏ —Å–∏–ª–∞–º–∏,,
99,17.01.2026 12:47:49,–ì–∏–º–Ω–∞–∑–∏—è 25,11.0,"–†—É—Å—Å–∫–∏–π, –ò–Ω–æ—Å—Ç—Ä–∞–Ω–Ω—ã–π —è–∑—ã–∫, –û–±—â–µ—Å—Ç–≤–æ–≤–µ–¥–µ–Ω–∏–µ",90+,–í—Ç–æ—Ä–∞—è –ø–æ–ª–æ–≤–∏–Ω–∞ 10–≥–æ –∫–ª–∞—Å—Å–∞,–í—Ç–æ—Ä–∞—è –ø–æ–ª–æ–≤–∏–Ω–∞ 10–≥–æ –∫–ª–∞—Å—Å–∞,"–æ–±—â–µ—Å—Ç–≤–æ, —Ä—É—Å—Å–∫–∏–π "
100,17.01.2026 13:00:19,125,11.0,"–ú–∞—Ç–µ–º–∞—Ç–∏–∫–∞, –§–∏–∑–∏–∫–∞, –†—É—Å—Å–∫–∏–π",–î–æ 70,–ü–µ—Ä–≤–∞—è –ø–æ–ª–æ–≤–∏–Ω–∞ 10–≥–æ –∫–ª–∞—Å—Å–∞,–ü–µ—Ä–≤–∞—è –ø–æ–ª–æ–≤–∏–Ω–∞ 10–≥–æ –∫–ª–∞—Å—Å–∞,"–§–∏–∑–∏–∫–∞, –º–∞—Ç–µ–º–∞—Ç–∏–∫–∞ "
101,17.01.2026 13:09:26,–õ–∏—Ü–µ–π –ë–ì–£,11.0,"–†—É—Å—Å–∫–∏–π, –ë–∏–æ–ª–æ–≥–∏—è, –•–∏–º–∏—è",90+,–Ø —Å—á–∏—Ç–∞—é —á—Ç–æ —Å–¥–∞–º —Å–≤–æ–∏–º–∏ —Å–∏–ª–∞–º–∏,,
102,17.01.2026 13:42:32,29 –≥–∏–º–Ω–∞–∑–∏—è,11.0,"–†—É—Å—Å–∫–∏–π, –ò–Ω–æ—Å—Ç—Ä–∞–Ω–Ω—ã–π —è–∑—ã–∫, –û–±—â–µ—Å—Ç–≤–æ–≤–µ–¥–µ–Ω–∏–µ",90+,–í—Ç–æ—Ä–∞—è –ø–æ–ª–æ–≤–∏–Ω–∞ 10–≥–æ –∫–ª–∞—Å—Å–∞,–ü–µ—Ä–≤–∞—è –ø–æ–ª–æ–≤–∏–Ω–∞ 11–≥–æ –∫–ª–∞—Å—Å–∞,"–æ–±—â–µ—Å—Ç–≤–æ, —Ä—É—Å—Å–∫–∏–π, –∞–Ω–≥–ª–∏–π—Å–∫–∏–π "
103,17.01.2026 13:52:51,.,11.0,"–ú–∞—Ç–µ–º–∞—Ç–∏–∫–∞, –ë–µ–ª–∞—Ä—É—Å—Å–∫–∏–π, –ò–Ω–æ—Å—Ç—Ä–∞–Ω–Ω—ã–π —è–∑—ã–∫",80-90,–ü–µ—Ä–≤–∞—è –ø–æ–ª–æ–≤–∏–Ω–∞ 10–≥–æ –∫–ª–∞—Å—Å–∞,–ü–µ—Ä–≤–∞—è –ø–æ–ª–æ–≤–∏–Ω–∞ 10–≥–æ –∫–ª–∞—Å—Å–∞,"–±–µ–ª, –º–∞—Ç–µ–º, –∞–Ω–≥–ª"
104,17.01.2026 14:03:38,–í 62 —à–∫–æ–ª–µ,11.0,"–†—É—Å—Å–∫–∏–π, –ò–Ω–æ—Å—Ç—Ä–∞–Ω–Ω—ã–π —è–∑—ã–∫, –ò—Å—Ç–æ—Ä–∏—è",70-80,–ü–µ—Ä–≤–∞—è –ø–æ–ª–æ–≤–∏–Ω–∞ 11–≥–æ –∫–ª–∞—Å—Å–∞,–ü–µ—Ä–≤–∞—è –ø–æ–ª–æ–≤–∏–Ω–∞ 11–≥–æ –∫–ª–∞—Å—Å–∞,–ò—Å—Ç–æ—Ä–∏—è –∏ –∞–Ω–≥–ª–∏–π—Å–∫–∏–π 
105,17.01.2026 14:07:26,–ì–∏–º–Ω–∞–∑–∏—è /8 –≥. –í–∏—Ç–µ–±—Å–∫–∞ ,11.0,"–†—É—Å—Å–∫–∏–π, –ò–Ω–æ—Å—Ç—Ä–∞–Ω–Ω—ã–π —è–∑—ã–∫, –ò—Å—Ç–æ—Ä–∏—è",90+,–í—Ç–æ—Ä–∞—è –ø–æ–ª–æ–≤–∏–Ω–∞ 10–≥–æ –∫–ª–∞—Å—Å–∞,–í—Ç–æ—Ä–∞—è –ø–æ–ª–æ–≤–∏–Ω–∞ 10–≥–æ –∫–ª–∞—Å—Å–∞,"–ò—Å—Ç–æ—Ä–∏—è, –†—É—Å—Å–∫–∏–π "
106,17.01.2026 14:22:05,–°–® ‚Ññ30 –≥.–ú–∏–Ω—Å–∫–∞,11.0,"–ú–∞—Ç–µ–º–∞—Ç–∏–∫–∞, –§–∏–∑–∏–∫–∞",–î–æ 70,–ü–µ—Ä–≤–∞—è –ø–æ–ª–æ–≤–∏–Ω–∞ 10–≥–æ –∫–ª–∞—Å—Å–∞,–ü–µ—Ä–≤–∞—è –ø–æ–ª–æ–≤–∏–Ω–∞ 10–≥–æ –∫–ª–∞—Å—Å–∞,
107,17.01.2026 14:28:07,–®–∫–æ–ª–∞ ‚Ññ30,11.0,"–†—É—Å—Å–∫–∏–π, –ò—Å—Ç–æ—Ä–∏—è",70-80,–í—Ç–æ—Ä–∞—è –ø–æ–ª–æ–≤–∏–Ω–∞ 10–≥–æ –∫–ª–∞—Å—Å–∞,–ü–µ—Ä–≤–∞—è –ø–æ–ª–æ–≤–∏–Ω–∞ 11–≥–æ –∫–ª–∞—Å—Å–∞,–ò—Å—Ç–æ—Ä–∏—è
108,17.01.2026 14:40:43,–ì–∏–º–Ω–∞–∑–∏—è 17,11.0,"–ú–∞—Ç–µ–º–∞—Ç–∏–∫–∞, –§–∏–∑–∏–∫–∞, –†—É—Å—Å–∫–∏–π",90+,–ü–µ—Ä–≤–∞—è –ø–æ–ª–æ–≤–∏–Ω–∞ 10–≥–æ –∫–ª–∞—Å—Å–∞,–ü–µ—Ä–≤–∞—è –ø–æ–ª–æ–≤–∏–Ω–∞ 10–≥–æ –∫–ª–∞—Å—Å–∞,–ú–∞—Ç–µ–º–∞—Ç–∏–∫–∞ —Ä—É—Å—Å–∫–∏–π —Ñ–∏–∑–∏–∫–∞
109,17.01.2026 14:44:50,–õ–∏—Ü–µ–π –±–≥—É,11.0,"–ë–µ–ª–∞—Ä—É—Å—Å–∫–∏–π, –ò–Ω–æ—Å—Ç—Ä–∞–Ω–Ω—ã–π —è–∑—ã–∫, –û–±—â–µ—Å—Ç–≤–æ–≤–µ–¥–µ–Ω–∏–µ",90+,–ü–µ—Ä–≤–∞—è –ø–æ–ª–æ–≤–∏–Ω–∞ 11–≥–æ –∫–ª–∞—Å—Å–∞,–ü–µ—Ä–≤–∞—è –ø–æ–ª–æ–≤–∏–Ω–∞ 11–≥–æ –∫–ª–∞—Å—Å–∞,"–ë–µ–ª–∞—Ä—É—Å—Å–∫–∏–π, –æ–±—â–µ—Å—Ç–≤–æ "
110,17.01.2026 15:05:30,"–°–® ‚Ññ6, –≥. –ñ–æ–¥–∏–Ω–æ",11.0,"–ú–∞—Ç–µ–º–∞—Ç–∏–∫–∞, –§–∏–∑–∏–∫–∞, –†—É—Å—Å–∫–∏–π",80-90,–ü–µ—Ä–≤–∞—è –ø–æ–ª–æ–≤–∏–Ω–∞ 10–≥–æ –∫–ª–∞—Å—Å–∞,–ü–µ—Ä–≤–∞—è –ø–æ–ª–æ–≤–∏–Ω–∞ 10–≥–æ –∫–ª–∞—Å—Å–∞,"—Ñ–∏–∑–∏–∫–∞, –º–∞—Ç–µ–º–∞—Ç–∏–∫–∞"
111,17.01.2026 15:13:02,—Å—à 20,11.0,"–ú–∞—Ç–µ–º–∞—Ç–∏–∫–∞, –§–∏–∑–∏–∫–∞, –†—É—Å—Å–∫–∏–π",80-90,–ü–µ—Ä–≤–∞—è –ø–æ–ª–æ–≤–∏–Ω–∞ 11–≥–æ –∫–ª–∞—Å—Å–∞,–ü–µ—Ä–≤–∞—è –ø–æ–ª–æ–≤–∏–Ω–∞ 11–≥–æ –∫–ª–∞—Å—Å–∞,—Ñ–∏–∑–∏–∫–∞ –∏ —Ä—É—Å—Å–∫–∏–π
112,17.01.2026 17:06:56,–õ—ñ—Ü—ç–π –ë–î–£ ,11.0,"–ë–µ–ª–∞—Ä—É—Å—Å–∫–∏–π, –û–±—â–µ—Å—Ç–≤–æ–≤–µ–¥–µ–Ω–∏–µ, –ò—Å—Ç–æ—Ä–∏—è",90+,–Ø —Å—á–∏—Ç–∞—é —á—Ç–æ —Å–¥–∞–º —Å–≤–æ–∏–º–∏ —Å–∏–ª–∞–º–∏,–î—É–º–∞—é –∑–∞–ø–∏—Å–∞—Ç—å—Å—è –Ω–∞ –∏–Ω—Ç–µ–Ω—Å–∏–≤ –ø–µ—Ä–µ–¥ —ç–∫–∑–∞–º–∏ (—É –º–Ω–æ–≥–∏—Ö –∫—É—Ä—Å–æ–≤ –µ—Å—Ç—å –≤–æ–∑–º–æ–∂–Ω–æ—Å—Ç—å –∑–∞–ø–∏—Å–∞—Ç—å—Å—è –≤ –∫–æ–Ω—Ü–µ —Ç–∏–ø–∞ –≤–∑—è—Ç—å —Ç–æ–ª—å–∫–æ –≤–µ—Å–Ω—É –∏–ª–∏ —Ç–æ–ª—å–∫–æ –º–∞–π –∏–ª–∏ –≤–æ–æ–±—â–µ —Ç–æ–ª—å–∫–æ –ø–∞—Ä—É –Ω–µ–¥–µ–ª—å –¥–æ —ç–∫–∑–æ–≤),–ê–Ω—ñ—è–∫—ñ—è 
113,17.01.2026 17:47:05,–°—Ä–µ–¥–Ω—è—è —à–∫–æ–ª–∞ ‚Ññ30,11.0,"–ë–µ–ª–∞—Ä—É—Å—Å–∫–∏–π, –ò–Ω–æ—Å—Ç—Ä–∞–Ω–Ω—ã–π —è–∑—ã–∫, –û–±—â–µ—Å—Ç–≤–æ–≤–µ–¥–µ–Ω–∏–µ",90+,–í—Ç–æ—Ä–∞—è –ø–æ–ª–æ–≤–∏–Ω–∞ 10–≥–æ –∫–ª–∞—Å—Å–∞,–ü–µ—Ä–≤–∞—è –ø–æ–ª–æ–≤–∏–Ω–∞ 11–≥–æ –∫–ª–∞—Å—Å–∞,"–û–±—â–µ—Å—Ç–≤–æ–≤–µ–¥–µ–Ω–∏–µ, –∏–Ω–æ—Å—Ç—Ä–∞–Ω–Ω—ã–π —è–∑—ã–∫ "
114,17.01.2026 19:36:30,–ì–∏–º–Ω–∞–∑–∏—è 41,11.0,"–ú–∞—Ç–µ–º–∞—Ç–∏–∫–∞, –§–∏–∑–∏–∫–∞, –†—É—Å—Å–∫–∏–π",90+,–Ø —Å—á–∏—Ç–∞—é —á—Ç–æ —Å–¥–∞–º —Å–≤–æ–∏–º–∏ —Å–∏–ª–∞–º–∏,,
115,17.01.2026 20:34:32,–≥–∏–º–Ω–∞–∑–∏—è 29,11.0,"–ú–∞—Ç–µ–º–∞—Ç–∏–∫–∞, –§–∏–∑–∏–∫–∞, –†—É—Å—Å–∫–∏–π",90+,–ü–µ—Ä–≤–∞—è –ø–æ–ª–æ–≤–∏–Ω–∞ 11–≥–æ –∫–ª–∞—Å—Å–∞,–ü–µ—Ä–≤–∞—è –ø–æ–ª–æ–≤–∏–Ω–∞ 11–≥–æ –∫–ª–∞—Å—Å–∞,–º–∞—Ç–µ–º —Ä—É—Å—Å–∫–∏–π
116,17.01.2026 20:36:00,–õ–∏—Ü–µ–π –ë–ì–£,11.0,"–ú–∞—Ç–µ–º–∞—Ç–∏–∫–∞, –§–∏–∑–∏–∫–∞, –†—É—Å—Å–∫–∏–π",90+,–Ø —Å—á–∏—Ç–∞—é —á—Ç–æ —Å–¥–∞–º —Å–≤–æ–∏–º–∏ —Å–∏–ª–∞–º–∏,,
117,17.01.2026 20:36:46,–ë–≥—É,11.0,"–ú–∞—Ç–µ–º–∞—Ç–∏–∫–∞, –§–∏–∑–∏–∫–∞, –†—É—Å—Å–∫–∏–π",90+,–í—Ç–æ—Ä–∞—è –ø–æ–ª–æ–≤–∏–Ω–∞ 10–≥–æ –∫–ª–∞—Å—Å–∞,–ü–µ—Ä–≤–∞—è –ø–æ–ª–æ–≤–∏–Ω–∞ 11–≥–æ –∫–ª–∞—Å—Å–∞,"–ú–∞—Ç–µ–º, —Ñ–∏–∑–∏–∫–∞, —Ä—É—Å—Å–∫–∏–π "
118,17.01.2026 20:39:03,–ì–∏–º–Ω–∞–∑–∏—è,11.0,"–ú–∞—Ç–µ–º–∞—Ç–∏–∫–∞, –§–∏–∑–∏–∫–∞, –†—É—Å—Å–∫–∏–π",90+,–í—Ç–æ—Ä–∞—è –ø–æ–ª–æ–≤–∏–Ω–∞ 10–≥–æ –∫–ª–∞—Å—Å–∞,–í—Ç–æ—Ä–∞—è –ø–æ–ª–æ–≤–∏–Ω–∞ 10–≥–æ –∫–ª–∞—Å—Å–∞,–§–∏–∑–∏–∫–∞
119,17.01.2026 20:39:48,56 –≥–∏–º–∫–∞ –≥–æ–º–µ–ª—è,11.0,"–ú–∞—Ç–µ–º–∞—Ç–∏–∫–∞, –§–∏–∑–∏–∫–∞, –†—É—Å—Å–∫–∏–π",90+,–Ø —Å—á–∏—Ç–∞—é —á—Ç–æ —Å–¥–∞–º —Å–≤–æ–∏–º–∏ —Å–∏–ª–∞–º–∏,,–ù–∏–∫–∞–∫–∏–º
120,17.01.2026 20:40:56,–ë–ì–£,11.0,"–†—É—Å—Å–∫–∏–π, –ò–Ω–æ—Å—Ç—Ä–∞–Ω–Ω—ã–π —è–∑—ã–∫, –û–±—â–µ—Å—Ç–≤–æ–≤–µ–¥–µ–Ω–∏–µ",80-90,–í—Ç–æ—Ä–∞—è –ø–æ–ª–æ–≤–∏–Ω–∞ 11–≥–æ –∫–ª–∞—Å—Å–∞,,
121,17.01.2026 20:42:04,–í—É–∑,11.0,"–ú–∞—Ç–µ–º–∞—Ç–∏–∫–∞, –†—É—Å—Å–∫–∏–π, –ò–Ω–æ—Å—Ç—Ä–∞–Ω–Ω—ã–π —è–∑—ã–∫",80-90,–í—Ç–æ—Ä–∞—è –ø–æ–ª–æ–≤–∏–Ω–∞ 10–≥–æ –∫–ª–∞—Å—Å–∞,–ü–µ—Ä–≤–∞—è –ø–æ–ª–æ–≤–∏–Ω–∞ 11–≥–æ –∫–ª–∞—Å—Å–∞,–†—É—Å—Å–∫–∏–π 
122,17.01.2026 20:42:30,"–ë–î–£, –¥–∞ –≥—ç—Ç–∞–≥–∞ - –≥–æ–º–µ–ª—å—Å–∫—ñ –≥–∞—Ä–∞–¥—Å–∫—ñ –ª—ñ—Ü—ç–π ‚Ññ1",11.0,"–ë–µ–ª–∞—Ä—É—Å—Å–∫–∏–π, –ò–Ω–æ—Å—Ç—Ä–∞–Ω–Ω—ã–π —è–∑—ã–∫, –û–±—â–µ—Å—Ç–≤–æ–≤–µ–¥–µ–Ω–∏–µ",90+,–Ø —Å—á–∏—Ç–∞—é —á—Ç–æ —Å–¥–∞–º —Å–≤–æ–∏–º–∏ —Å–∏–ª–∞–º–∏,,
123,17.01.2026 20:42:35,–ì–∏–º–Ω–∞–∑–∏—è 2 –ì—Ä–æ–¥–Ω–æ ,11.0,"–ú–∞—Ç–µ–º–∞—Ç–∏–∫–∞, –ë–µ–ª–∞—Ä—É—Å—Å–∫–∏–π, –ò–Ω–æ—Å—Ç—Ä–∞–Ω–Ω—ã–π —è–∑—ã–∫",90+,–ü–µ—Ä–≤–∞—è –ø–æ–ª–æ–≤–∏–Ω–∞ 11–≥–æ –∫–ª–∞—Å—Å–∞,–ü–µ—Ä–≤–∞—è –ø–æ–ª–æ–≤–∏–Ω–∞ 11–≥–æ –∫–ª–∞—Å—Å–∞,"–ê–Ω–≥–ª–∏–π—Å–∫–∏–π, –º–∞—Ç–µ–º–∞—Ç–∏–∫–∞ "
124,17.01.2026 20:43:04,"–ì—ñ–º–Ω–∞–∑–∏—è 1, –í–∏—Ç–µ–±—Å–∫",11.0,"–ú–∞—Ç–µ–º–∞—Ç–∏–∫–∞, –§–∏–∑–∏–∫–∞, –†—É—Å—Å–∫–∏–π",90+,–ü–µ—Ä–≤–∞—è –ø–æ–ª–æ–≤–∏–Ω–∞ 11–≥–æ –∫–ª–∞—Å—Å–∞,–ü–µ—Ä–≤–∞—è –ø–æ–ª–æ–≤–∏–Ω–∞ 11–≥–æ –∫–ª–∞—Å—Å–∞,"–ú–∞—Ç–µ–º –≤–∑—è–ª–∞ –≤ —è–Ω–≤–∞—Ä–µ, –∞ —Ñ–∏–∑–∏–∫—É –∏ —Ä—É—Å—Å–∫–∏–π –≤ –æ–∫—Ç—è–±—Ä–µ"
125,17.01.2026 20:43:24,–õ–±–≥—É,11.0,"–ú–∞—Ç–µ–º–∞—Ç–∏–∫–∞, –†—É—Å—Å–∫–∏–π, –ò–Ω–æ—Å—Ç—Ä–∞–Ω–Ω—ã–π —è–∑—ã–∫",90+,–ü–µ—Ä–≤–∞—è –ø–æ–ª–æ–≤–∏–Ω–∞ 11–≥–æ –∫–ª–∞—Å—Å–∞,–ü–µ—Ä–≤–∞—è –ø–æ–ª–æ–≤–∏–Ω–∞ 11–≥–æ –∫–ª–∞—Å—Å–∞,–ú–∞—Ç–µ–º–∞—Ç–∏–∫–∞
126,17.01.2026 20:44:49,–§–ú–û,11.0,"–ú–∞—Ç–µ–º–∞—Ç–∏–∫–∞, –ë–µ–ª–∞—Ä—É—Å—Å–∫–∏–π, –ò–Ω–æ—Å—Ç—Ä–∞–Ω–Ω—ã–π —è–∑—ã–∫",90+,–í—Ç–æ—Ä–∞—è –ø–æ–ª–æ–≤–∏–Ω–∞ 10–≥–æ –∫–ª–∞—Å—Å–∞,–ü–µ—Ä–≤–∞—è –ø–æ–ª–æ–≤–∏–Ω–∞ 11–≥–æ –∫–ª–∞—Å—Å–∞,"–º–∞—Ç–µ–º–∞—Ç–∏–∫–∞, –±–µ–ª —è–∑, –∞–Ω–≥–ª–∏–π—Å–∫–∏–π"
127,17.01.2026 20:45:40,–§–ú–û –ë–ì–£,11.0,"–ë–µ–ª–∞—Ä—É—Å—Å–∫–∏–π, –ò–Ω–æ—Å—Ç—Ä–∞–Ω–Ω—ã–π —è–∑—ã–∫, –û–±—â–µ—Å—Ç–≤–æ–≤–µ–¥–µ–Ω–∏–µ",90+,–ü–µ—Ä–≤–∞—è –ø–æ–ª–æ–≤–∏–Ω–∞ 11–≥–æ –∫–ª–∞—Å—Å–∞,–ü–µ—Ä–≤–∞—è –ø–æ–ª–æ–≤–∏–Ω–∞ 11–≥–æ –∫–ª–∞—Å—Å–∞,"–æ–±—â–µ—Å—Ç–≤–æ, –∞–Ω–≥–ª–∏–π—Å–∫–∏–π"
128,17.01.2026 20:49:16,"–ë–ì–£, –æ–∫–æ–Ω—á–∏–ª–∞ –≥–∏–º–Ω–∞–∑–∏—é ‚Ññ1 –≥.–í–∏—Ç–µ–±—Å–∫–∞",11.0,"–†—É—Å—Å–∫–∏–π, –ò–Ω–æ—Å—Ç—Ä–∞–Ω–Ω—ã–π —è–∑—ã–∫, –û–±—â–µ—Å—Ç–≤–æ–≤–µ–¥–µ–Ω–∏–µ",90+,–Ø —Å—á–∏—Ç–∞—é —á—Ç–æ —Å–¥–∞–º —Å–≤–æ–∏–º–∏ —Å–∏–ª–∞–º–∏,,–Ω–∏ –ø–æ –∫–∞–∫–∏–º; –≥–æ—Ç–æ–≤–∏–ª–∞—Å—å —Å–∞–º–∞ –∏ —Å–¥–∞–ª–∞ —ç–∫–∑–∞–º–µ–Ω—ã –Ω–∞ 99-100
129,17.01.2026 20:50:21,–ë–ì–£ —Ñ–º–æ  ,11.0,"–ë–µ–ª–∞—Ä—É—Å—Å–∫–∏–π, –ò–Ω–æ—Å—Ç—Ä–∞–Ω–Ω—ã–π —è–∑—ã–∫, –û–±—â–µ—Å—Ç–≤–æ–≤–µ–¥–µ–Ω–∏–µ",90+,–ü–µ—Ä–≤–∞—è –ø–æ–ª–æ–≤–∏–Ω–∞ 10–≥–æ –∫–ª–∞—Å—Å–∞,–ü–µ—Ä–≤–∞—è –ø–æ–ª–æ–≤–∏–Ω–∞ 11–≥–æ –∫–ª–∞—Å—Å–∞,–¢–æ–ª—å–∫–æ –ê–Ω–≥–ª–∏–π—Å–∫–∏–π 
130,17.01.2026 20:50:45,–ë–ì–£,11.0,"–ú–∞—Ç–µ–º–∞—Ç–∏–∫–∞, –ë–µ–ª–∞—Ä—É—Å—Å–∫–∏–π, –ò–Ω–æ—Å—Ç—Ä–∞–Ω–Ω—ã–π —è–∑—ã–∫",70-80,–ü–µ—Ä–≤–∞—è –ø–æ–ª–æ–≤–∏–Ω–∞ 11–≥–æ –∫–ª–∞—Å—Å–∞,–ü–µ—Ä–≤–∞—è –ø–æ–ª–æ–≤–∏–Ω–∞ 11–≥–æ –∫–ª–∞—Å—Å–∞,
131,17.01.2026 20:51:24,–ì–∏–º–Ω–∞–∑–∏—è 2 –≥. –ë—Ä–µ—Å—Ç–∞,11.0,"–ú–∞—Ç–µ–º–∞—Ç–∏–∫–∞, –†—É—Å—Å–∫–∏–π, –ò–Ω–æ—Å—Ç—Ä–∞–Ω–Ω—ã–π —è–∑—ã–∫",90+,–ü–µ—Ä–≤–∞—è –ø–æ–ª–æ–≤–∏–Ω–∞ 11–≥–æ –∫–ª–∞—Å—Å–∞,–ü–µ—Ä–≤–∞—è –ø–æ–ª–æ–≤–∏–Ω–∞ 11–≥–æ –∫–ª–∞—Å—Å–∞,"–ú–∞—Ç–µ–º, –∞–Ω–≥–ª"
132,17.01.2026 20:52:59,–°–® 215,11.0,"–ú–∞—Ç–µ–º–∞—Ç–∏–∫–∞, –†—É—Å—Å–∫–∏–π, –ò–Ω–æ—Å—Ç—Ä–∞–Ω–Ω—ã–π —è–∑—ã–∫",90+,–ü–µ—Ä–≤–∞—è –ø–æ–ª–æ–≤–∏–Ω–∞ 10–≥–æ –∫–ª–∞—Å—Å–∞,–í—Ç–æ—Ä–∞—è –ø–æ–ª–æ–≤–∏–Ω–∞ 10–≥–æ –∫–ª–∞—Å—Å–∞,"–ú–∞—Ç–µ–º–∞—Ç–∏–∫–∞, –ê–Ω–≥–ª–∏–π—Å–∫–∏–π, —Ä—É—Å—Å–∫–∏–π "
133,17.01.2026 20:53:33,–ì–∏–º–Ω–∞–∑–∏—è 50,11.0,"–ú–∞—Ç–µ–º–∞—Ç–∏–∫–∞, –§–∏–∑–∏–∫–∞, –†—É—Å—Å–∫–∏–π",–î–æ 70,–Ø —Å—á–∏—Ç–∞—é —á—Ç–æ —Å–¥–∞–º —Å–≤–æ–∏–º–∏ —Å–∏–ª–∞–º–∏,,
134,17.01.2026 20:57:06,–°–® ‚Ññ199,11.0,"–ú–∞—Ç–µ–º–∞—Ç–∏–∫–∞, –†—É—Å—Å–∫–∏–π, –ò–Ω–æ—Å—Ç—Ä–∞–Ω–Ω—ã–π —è–∑—ã–∫",80-90,–ü–µ—Ä–≤–∞—è –ø–æ–ª–æ–≤–∏–Ω–∞ 10–≥–æ –∫–ª–∞—Å—Å–∞,–ü–µ—Ä–≤–∞—è –ø–æ–ª–æ–≤–∏–Ω–∞ 10–≥–æ –∫–ª–∞—Å—Å–∞,
135,17.01.2026 20:57:41,?,11.0,"–ú–∞—Ç–µ–º–∞—Ç–∏–∫–∞, –†—É—Å—Å–∫–∏–π, –ò–Ω–æ—Å—Ç—Ä–∞–Ω–Ω—ã–π —è–∑—ã–∫",90+,–ü–µ—Ä–≤–∞—è –ø–æ–ª–æ–≤–∏–Ω–∞ 10–≥–æ –∫–ª–∞—Å—Å–∞,–ü–µ—Ä–≤–∞—è –ø–æ–ª–æ–≤–∏–Ω–∞ 10–≥–æ –∫–ª–∞—Å—Å–∞,
136,17.01.2026 20:59:50,–Ø –≤—ã–ø—É—Å—Ç–∏–ª–∞—Å—å –∏–∑ 7-–æ–π –≥–∏–º–Ω–∞–∑–∏–∏ –≥–æ—Ä–æ–¥–∞ –ú–∏–Ω—Å–∫–∞,11.0,"–ú–∞—Ç–µ–º–∞—Ç–∏–∫–∞, –†—É—Å—Å–∫–∏–π, –ò–Ω–æ—Å—Ç—Ä–∞–Ω–Ω—ã–π —è–∑—ã–∫",90+,–ü–µ—Ä–≤–∞—è –ø–æ–ª–æ–≤–∏–Ω–∞ 10–≥–æ –∫–ª–∞—Å—Å–∞,–ü–µ—Ä–≤–∞—è –ø–æ–ª–æ–≤–∏–Ω–∞ 11–≥–æ –∫–ª–∞—Å—Å–∞,"–ü–æ —Ä—É—Å—Å–æ–º—É –æ–Ω–ª–∞–π–Ω-–∫—É—Ä—Å—ã, –ø–æ –º–∞—Ç–µ–º–∞—Ç–∏–∫–µ –∏ –∞–Ω–≥–ª–∏–π—Å–∫–æ–º—É –æ—Ñ–ª–∞–π–Ω-—Ä–µ–ø–µ—Ç–∏—Ç–æ—Ä—ã"
137,17.01.2026 21:12:49,–õ–∏—Ü–µ–π –ë–ì–£,11.0,"–†—É—Å—Å–∫–∏–π, –ò–Ω–æ—Å—Ç—Ä–∞–Ω–Ω—ã–π —è–∑—ã–∫, –û–±—â–µ—Å—Ç–≤–æ–≤–µ–¥–µ–Ω–∏–µ",90+,–ü–µ—Ä–≤–∞—è –ø–æ–ª–æ–≤–∏–Ω–∞ 11–≥–æ –∫–ª–∞—Å—Å–∞,–ü–µ—Ä–≤–∞—è –ø–æ–ª–æ–≤–∏–Ω–∞ 11–≥–æ –∫–ª–∞—Å—Å–∞,–ê–Ω–≥–ª–∏–π—Å–∫–∏–π 
138,17.01.2026 21:14:59,"–§–ú–û, –ë–ì–£",11.0,"–ú–∞—Ç–µ–º–∞—Ç–∏–∫–∞, –†—É—Å—Å–∫–∏–π, –ò–Ω–æ—Å—Ç—Ä–∞–Ω–Ω—ã–π —è–∑—ã–∫",80-90,–í—Ç–æ—Ä–∞—è –ø–æ–ª–æ–≤–∏–Ω–∞ 10–≥–æ –∫–ª–∞—Å—Å–∞,–ü–µ—Ä–≤–∞—è –ø–æ–ª–æ–≤–∏–Ω–∞ 11–≥–æ –∫–ª–∞—Å—Å–∞,"–ú–∞—Ç–µ–º–∞—Ç–∏–∫–∞, –∏–Ω–æ—Å—Ç—Ä–∞–Ω–Ω—ã–π —è–∑—ã–∫"
139,17.01.2026 21:15:52,"–±—É–π–Ω–∏—á—Å–∫–∞—è —Å—Ä–µ–¥–Ω—è—è —à–∫–æ–ª–∞, –º–æ–≥–∏–ª—ë–≤—Å–∫–∞—è –æ–±–ª–∞—Å—Ç—å",11.0,"–†—É—Å—Å–∫–∏–π, –ò–Ω–æ—Å—Ç—Ä–∞–Ω–Ω—ã–π —è–∑—ã–∫, –û–±—â–µ—Å—Ç–≤–æ–≤–µ–¥–µ–Ω–∏–µ",90+,–ü–µ—Ä–≤–∞—è –ø–æ–ª–æ–≤–∏–Ω–∞ 10–≥–æ –∫–ª–∞—Å—Å–∞,–ü–µ—Ä–≤–∞—è –ø–æ–ª–æ–≤–∏–Ω–∞ 10–≥–æ –∫–ª–∞—Å—Å–∞,–≤—Å–µ
140,17.01.2026 21:18:39,—Å—Ä–µ–¥–Ω—è—è —à–∫–æ–ª–∞,11.0,"–ò–Ω–æ—Å—Ç—Ä–∞–Ω–Ω—ã–π —è–∑—ã–∫, –û–±—â–µ—Å—Ç–≤–æ–≤–µ–¥–µ–Ω–∏–µ",90+,–Ø —Å—á–∏—Ç–∞—é —á—Ç–æ —Å–¥–∞–º —Å–≤–æ–∏–º–∏ —Å–∏–ª–∞–º–∏,–î—É–º–∞—é –∑–∞–ø–∏—Å–∞—Ç—å—Å—è –Ω–∞ –∏–Ω—Ç–µ–Ω—Å–∏–≤ –ø–µ—Ä–µ–¥ —ç–∫–∑–∞–º–∏ (—É –º–Ω–æ–≥–∏—Ö –∫—É—Ä—Å–æ–≤ –µ—Å—Ç—å –≤–æ–∑–º–æ–∂–Ω–æ—Å—Ç—å –∑–∞–ø–∏—Å–∞—Ç—å—Å—è –≤ –∫–æ–Ω—Ü–µ —Ç–∏–ø–∞ –≤–∑—è—Ç—å —Ç–æ–ª—å–∫–æ –≤–µ—Å–Ω—É –∏–ª–∏ —Ç–æ–ª—å–∫–æ –º–∞–π –∏–ª–∏ –≤–æ–æ–±—â–µ —Ç–æ–ª—å–∫–æ –ø–∞—Ä—É –Ω–µ–¥–µ–ª—å –¥–æ —ç–∫–∑–æ–≤),–Ω–∏ –ø–æ –∫–∞–∫–∏–º
141,17.01.2026 21:21:45,–±–≥—É,11.0,"–†—É—Å—Å–∫–∏–π, –ò–Ω–æ—Å—Ç—Ä–∞–Ω–Ω—ã–π —è–∑—ã–∫, –û–±—â–µ—Å—Ç–≤–æ–≤–µ–¥–µ–Ω–∏–µ",90+,–ü–µ—Ä–≤–∞—è –ø–æ–ª–æ–≤–∏–Ω–∞ 10–≥–æ –∫–ª–∞—Å—Å–∞,–ü–µ—Ä–≤–∞—è –ø–æ–ª–æ–≤–∏–Ω–∞ 11–≥–æ –∫–ª–∞—Å—Å–∞,"–∞–Ω–≥–ª –∏ —Ä—É—Å - —Ä–µ–ø–µ—Ç, –æ–±—â–µ—Å—Ç–≤–æ - –∫—É—Ä—Å—ã"
142,17.01.2026 21:21:55,–ë–ì–£ –§–ú–û,11.0,"–ú–∞—Ç–µ–º–∞—Ç–∏–∫–∞, –†—É—Å—Å–∫–∏–π, –ò–Ω–æ—Å—Ç—Ä–∞–Ω–Ω—ã–π —è–∑—ã–∫",90+,–ü–µ—Ä–≤–∞—è –ø–æ–ª–æ–≤–∏–Ω–∞ 10–≥–æ –∫–ª–∞—Å—Å–∞,–í—Ç–æ—Ä–∞—è –ø–æ–ª–æ–≤–∏–Ω–∞ 10–≥–æ –∫–ª–∞—Å—Å–∞,"–ê–Ω–≥–ª–∏–π—Å–∫–∏–π –∏ –º–∞—Ç–µ–º–∞—Ç–∏–∫–∞, –ø–æ —Ä—É—Å—Å–∫–æ–º—É –±—ã–ª–∏ –∫—É—Ä—Å—ã "
143,17.01.2026 21:22:46,–ì–∏–º–Ω–∞–∑–∏—è ‚Ññ29,11.0,"–†—É—Å—Å–∫–∏–π, –ò–Ω–æ—Å—Ç—Ä–∞–Ω–Ω—ã–π —è–∑—ã–∫, –û–±—â–µ—Å—Ç–≤–æ–≤–µ–¥–µ–Ω–∏–µ",90+,–í—Ç–æ—Ä–∞—è –ø–æ–ª–æ–≤–∏–Ω–∞ 10–≥–æ –∫–ª–∞—Å—Å–∞,–ü–µ—Ä–≤–∞—è –ø–æ–ª–æ–≤–∏–Ω–∞ 11–≥–æ –∫–ª–∞—Å—Å–∞,–ü–æ –≤—Å–µ–º
144,17.01.2026 21:32:56,–≥–∏–º–Ω–∞–∑–∏—è,11.0,"–ú–∞—Ç–µ–º–∞—Ç–∏–∫–∞, –†—É—Å—Å–∫–∏–π, –ò–Ω–æ—Å—Ç—Ä–∞–Ω–Ω—ã–π —è–∑—ã–∫",80-90,–ü–µ—Ä–≤–∞—è –ø–æ–ª–æ–≤–∏–Ω–∞ 10–≥–æ –∫–ª–∞—Å—Å–∞,–í—Ç–æ—Ä–∞—è –ø–æ–ª–æ–≤–∏–Ω–∞ 10–≥–æ –∫–ª–∞—Å—Å–∞,–ú–∞—Ç–µ–º–∞—Ç–∏–∫–∞ —Ä—É—Å—Å–∫–∏–π 
145,17.01.2026 21:35:53,–ë–ì–£ –§–ú–û,11.0,"–†—É—Å—Å–∫–∏–π, –ò–Ω–æ—Å—Ç—Ä–∞–Ω–Ω—ã–π —è–∑—ã–∫, –û–±—â–µ—Å—Ç–≤–æ–≤–µ–¥–µ–Ω–∏–µ",80-90,–ü–µ—Ä–≤–∞—è –ø–æ–ª–æ–≤–∏–Ω–∞ 11–≥–æ –∫–ª–∞—Å—Å–∞,–í—Ç–æ—Ä–∞—è –ø–æ–ª–æ–≤–∏–Ω–∞ 11–≥–æ –∫–ª–∞—Å—Å–∞,"—Ä—É—Å—Å–∫–∏–π, –æ–±—â–µ—Å—Ç–≤–æ, –∞–Ω–≥–ª"
146,17.01.2026 21:37:33,–í —É–Ω–∏–∫–µ,11.0,"–ë–µ–ª–∞—Ä—É—Å—Å–∫–∏–π, –ò–Ω–æ—Å—Ç—Ä–∞–Ω–Ω—ã–π —è–∑—ã–∫, –ò—Å—Ç–æ—Ä–∏—è",80-90,–Ø —Å—á–∏—Ç–∞—é —á—Ç–æ —Å–¥–∞–º —Å–≤–æ–∏–º–∏ —Å–∏–ª–∞–º–∏,–î—É–º–∞—é –∑–∞–ø–∏—Å–∞—Ç—å—Å—è –Ω–∞ –∏–Ω—Ç–µ–Ω—Å–∏–≤ –ø–µ—Ä–µ–¥ —ç–∫–∑–∞–º–∏ (—É –º–Ω–æ–≥–∏—Ö –∫—É—Ä—Å–æ–≤ –µ—Å—Ç—å –≤–æ–∑–º–æ–∂–Ω–æ—Å—Ç—å –∑–∞–ø–∏—Å–∞—Ç—å—Å—è –≤ –∫–æ–Ω—Ü–µ —Ç–∏–ø–∞ –≤–∑—è—Ç—å —Ç–æ–ª—å–∫–æ –≤–µ—Å–Ω—É –∏–ª–∏ —Ç–æ–ª—å–∫–æ –º–∞–π –∏–ª–∏ –≤–æ–æ–±—â–µ —Ç–æ–ª—å–∫–æ –ø–∞—Ä—É –Ω–µ–¥–µ–ª—å –¥–æ —ç–∫–∑–æ–≤),"–¢–æ–ª—å–∫–æ –ø–æ –∏–Ω–æ—Å—Ç—Ä–∞–Ω–Ω–æ–º—É, –Ω–æ –Ω–µ —á—Ç–æ–±—ã –≥–æ—Ç–æ–≤–∏—Ç—å—Å—è –∫ —Ü—ç/—Ü—Ç, –∞ –ø—Ä–æ—Å—Ç–æ —á—Ç–æ–±—ã –ø–æ–¥–¥–µ—Ä–∂–∏–≤–∞—Ç—å —É—Ä–æ–≤–µ–Ω—å"
147,17.01.2026 21:38:27,–õ–∏—Ü–µ–π –ë–ì–£,11.0,"–ú–∞—Ç–µ–º–∞—Ç–∏–∫–∞, –†—É—Å—Å–∫–∏–π",80-90,–ü–µ—Ä–≤–∞—è –ø–æ–ª–æ–≤–∏–Ω–∞ 11–≥–æ –∫–ª–∞—Å—Å–∞,–ü–µ—Ä–≤–∞—è –ø–æ–ª–æ–≤–∏–Ω–∞ 11–≥–æ –∫–ª–∞—Å—Å–∞,"–ú–∞—Ç–µ–º–∞—Ç–∏–∫–∞, —Ä—É—Å—Å–∫–∏–π —è–∑—ã–∫"
148,17.01.2026 21:42:38,–ë–≥—É,11.0,"–†—É—Å—Å–∫–∏–π, –ò–Ω–æ—Å—Ç—Ä–∞–Ω–Ω—ã–π —è–∑—ã–∫, –û–±—â–µ—Å—Ç–≤–æ–≤–µ–¥–µ–Ω–∏–µ",90+,–í—Ç–æ—Ä–∞—è –ø–æ–ª–æ–≤–∏–Ω–∞ 11–≥–æ –∫–ª–∞—Å—Å–∞,–í—Ç–æ—Ä–∞—è –ø–æ–ª–æ–≤–∏–Ω–∞ 11–≥–æ –∫–ª–∞—Å—Å–∞,"–û–±—â, –∞–Ω–≥–ª"
149,17.01.2026 21:48:04,–ü–∏–Ω–∫–æ–≤–∏—á—Å–∫–∞—è –°–®,11.0,"–ú–∞—Ç–µ–º–∞—Ç–∏–∫–∞, –†—É—Å—Å–∫–∏–π, –ò–Ω–æ—Å—Ç—Ä–∞–Ω–Ω—ã–π —è–∑—ã–∫",90+,–ü–µ—Ä–≤–∞—è –ø–æ–ª–æ–≤–∏–Ω–∞ 10–≥–æ –∫–ª–∞—Å—Å–∞,–ü–µ—Ä–≤–∞—è –ø–æ–ª–æ–≤–∏–Ω–∞ 11–≥–æ –∫–ª–∞—Å—Å–∞,"–ê–Ω–≥–ª–∏–π—Å–∫–∏–π, –º–∞—Ç–µ–º–∞—Ç–∏–∫–∞"
150,17.01.2026 21:56:06,–±–≥—É —Ñ–ø–º–∏,11.0,"–ú–∞—Ç–µ–º–∞—Ç–∏–∫–∞, –§–∏–∑–∏–∫–∞, –†—É—Å—Å–∫–∏–π",90+,–ü–µ—Ä–≤–∞—è –ø–æ–ª–æ–≤–∏–Ω–∞ 10–≥–æ –∫–ª–∞—Å—Å–∞,–ü–µ—Ä–≤–∞—è –ø–æ–ª–æ–≤–∏–Ω–∞ 10–≥–æ –∫–ª–∞—Å—Å–∞,—Ñ–∏–∑–∏–∫–∞ –º–∞—Ç–µ–º–∞—Ç–∏–∫–∞ —Ä—É—Å—Å–∫–∏–π 
151,17.01.2026 22:01:36,–°–® N172 –≥. –ú–∏–Ω—Å–∫–∞,11.0,"–ú–∞—Ç–µ–º–∞—Ç–∏–∫–∞, –§–∏–∑–∏–∫–∞, –†—É—Å—Å–∫–∏–π",80-90,–Ø —Å—á–∏—Ç–∞—é —á—Ç–æ —Å–¥–∞–º —Å–≤–æ–∏–º–∏ —Å–∏–ª–∞–º–∏,,–ù–∏ –ø–æ –∫–∞–∫–∏–º 
152,17.01.2026 22:01:49,–õ–∏—Ü–µ–π –ë–ì–£,11.0,"–ú–∞—Ç–µ–º–∞—Ç–∏–∫–∞, –§–∏–∑–∏–∫–∞, –†—É—Å—Å–∫–∏–π",80-90,–Ø —Å—á–∏—Ç–∞—é —á—Ç–æ —Å–¥–∞–º —Å–≤–æ–∏–º–∏ —Å–∏–ª–∞–º–∏,–î—É–º–∞—é –∑–∞–ø–∏—Å–∞—Ç—å—Å—è –Ω–∞ –∏–Ω—Ç–µ–Ω—Å–∏–≤ –ø–µ—Ä–µ–¥ —ç–∫–∑–∞–º–∏ (—É –º–Ω–æ–≥–∏—Ö –∫—É—Ä—Å–æ–≤ –µ—Å—Ç—å –≤–æ–∑–º–æ–∂–Ω–æ—Å—Ç—å –∑–∞–ø–∏—Å–∞—Ç—å—Å—è –≤ –∫–æ–Ω—Ü–µ —Ç–∏–ø–∞ –≤–∑—è—Ç—å —Ç–æ–ª—å–∫–æ –≤–µ—Å–Ω—É –∏–ª–∏ —Ç–æ–ª—å–∫–æ –º–∞–π –∏–ª–∏ –≤–æ–æ–±—â–µ —Ç–æ–ª—å–∫–æ –ø–∞—Ä—É –Ω–µ–¥–µ–ª—å –¥–æ —ç–∫–∑–æ–≤),
153,17.01.2026 22:21:27,–≥–∏–º–Ω–∞–∑–∏—è 24 ,11.0,"–ú–∞—Ç–µ–º–∞—Ç–∏–∫–∞, –ë–µ–ª–∞—Ä—É—Å—Å–∫–∏–π, –ò–Ω–æ—Å—Ç—Ä–∞–Ω–Ω—ã–π —è–∑—ã–∫",80-90,–ü–µ—Ä–≤–∞—è –ø–æ–ª–æ–≤–∏–Ω–∞ 10–≥–æ –∫–ª–∞—Å—Å–∞,–ü–µ—Ä–≤–∞—è –ø–æ–ª–æ–≤–∏–Ω–∞ 10–≥–æ –∫–ª–∞—Å—Å–∞,–º–∞—Ç–µ–º –±–µ–ª –º–æ–≤–∞ 
154,17.01.2026 22:41:20,–õ–∏—Ü–µ–π –ë–ì–£,11.0,"–ú–∞—Ç–µ–º–∞—Ç–∏–∫–∞, –†—É—Å—Å–∫–∏–π, –ò–Ω–æ—Å—Ç—Ä–∞–Ω–Ω—ã–π —è–∑—ã–∫",90+,–í—Ç–æ—Ä–∞—è –ø–æ–ª–æ–≤–∏–Ω–∞ 11–≥–æ –∫–ª–∞—Å—Å–∞,–î—É–º–∞—é –∑–∞–ø–∏—Å–∞—Ç—å—Å—è –Ω–∞ –∏–Ω—Ç–µ–Ω—Å–∏–≤ –ø–µ—Ä–µ–¥ —ç–∫–∑–∞–º–∏ (—É –º–Ω–æ–≥–∏—Ö –∫—É—Ä—Å–æ–≤ –µ—Å—Ç—å –≤–æ–∑–º–æ–∂–Ω–æ—Å—Ç—å –∑–∞–ø–∏—Å–∞—Ç—å—Å—è –≤ –∫–æ–Ω—Ü–µ —Ç–∏–ø–∞ –≤–∑—è—Ç—å —Ç–æ–ª—å–∫–æ –≤–µ—Å–Ω—É –∏–ª–∏ —Ç–æ–ª—å–∫–æ –º–∞–π –∏–ª–∏ –≤–æ–æ–±—â–µ —Ç–æ–ª—å–∫–æ –ø–∞—Ä—É –Ω–µ–¥–µ–ª—å –¥–æ —ç–∫–∑–æ–≤),–ù–∏ –ø–æ –∫–∞–∫–∏–º 
155,17.01.2026 22:50:53,–ë–ì–£,11.0,"–ú–∞—Ç–µ–º–∞—Ç–∏–∫–∞, –†—É—Å—Å–∫–∏–π, –ò–Ω–æ—Å—Ç—Ä–∞–Ω–Ω—ã–π —è–∑—ã–∫",80-90,–ü–µ—Ä–≤–∞—è –ø–æ–ª–æ–≤–∏–Ω–∞ 10–≥–æ –∫–ª–∞—Å—Å–∞,–ü–µ—Ä–≤–∞—è –ø–æ–ª–æ–≤–∏–Ω–∞ 10–≥–æ –∫–ª–∞—Å—Å–∞,"–ü–æ –≤—Å–µ–º, –∫–æ—Ç–æ—Ä—ã–µ —Å–¥–∞–≤–∞–ª–∞ (–º–∞—Ç–µ–º–∞—Ç–∏–∫–∞, –∞–Ω–≥–ª–∏–π—Å–∫–∏–π, —Ä—É—Å—Å–∫–∏–π)"
156,17.01.2026 23:11:00,–ë–ì–£,11.0,"–ë–µ–ª–∞—Ä—É—Å—Å–∫–∏–π, –ò–Ω–æ—Å—Ç—Ä–∞–Ω–Ω—ã–π —è–∑—ã–∫, –û–±—â–µ—Å—Ç–≤–æ–≤–µ–¥–µ–Ω–∏–µ",80-90,–ü–µ—Ä–≤–∞—è –ø–æ–ª–æ–≤–∏–Ω–∞ 10–≥–æ –∫–ª–∞—Å—Å–∞,–í—Ç–æ—Ä–∞—è –ø–æ–ª–æ–≤–∏–Ω–∞ 10–≥–æ –∫–ª–∞—Å—Å–∞,–ü–æ –≤—Å–µ–º –ø—Ä–µ–¥–º–µ—Ç–∞–º —Ö–æ–¥–∏–ª–∞ –Ω–∞ –∫—É—Ä—Å—ã
157,17.01.2026 23:27:10,–ë–≥—É ,11.0,"–†—É—Å—Å–∫–∏–π, –ò–Ω–æ—Å—Ç—Ä–∞–Ω–Ω—ã–π —è–∑—ã–∫, –û–±—â–µ—Å—Ç–≤–æ–≤–µ–¥–µ–Ω–∏–µ",90+,–ü–µ—Ä–≤–∞—è –ø–æ–ª–æ–≤–∏–Ω–∞ 10–≥–æ –∫–ª–∞—Å—Å–∞,–ü–µ—Ä–≤–∞—è –ø–æ–ª–æ–≤–∏–Ω–∞ 10–≥–æ –∫–ª–∞—Å—Å–∞,–ü–æ –≤—Å–µ–º
158,18.01.2026 0:15:08,–§–ü–ú–ò,11.0,"–ú–∞—Ç–µ–º–∞—Ç–∏–∫–∞, –§–∏–∑–∏–∫–∞, –†—É—Å—Å–∫–∏–π",90+,–Ø —Å—á–∏—Ç–∞—é —á—Ç–æ —Å–¥–∞–º —Å–≤–æ–∏–º–∏ —Å–∏–ª–∞–º–∏,,
159,18.01.2026 2:13:22,–°–® 215,11.0,"–ú–∞—Ç–µ–º–∞—Ç–∏–∫–∞, –ë–µ–ª–∞—Ä—É—Å—Å–∫–∏–π, –ò–Ω–æ—Å—Ç—Ä–∞–Ω–Ω—ã–π —è–∑—ã–∫",80-90,–ü–µ—Ä–≤–∞—è –ø–æ–ª–æ–≤–∏–Ω–∞ 10–≥–æ –∫–ª–∞—Å—Å–∞,–ü–µ—Ä–≤–∞—è –ø–æ–ª–æ–≤–∏–Ω–∞ 10–≥–æ –∫–ª–∞—Å—Å–∞,"–ê–Ω–≥–ª–∏–π—Å–∫–∏–π, –ú–∞—Ç–µ–º–∞—Ç–∏–∫–∞, –±–µ–ª–æ—Ä—É—Å—Å–∫–∏–π "
160,18.01.2026 10:26:37,–ë–ì–£ –§–ú–û,11.0,"–†—É—Å—Å–∫–∏–π, –ò–Ω–æ—Å—Ç—Ä–∞–Ω–Ω—ã–π —è–∑—ã–∫, –û–±—â–µ—Å—Ç–≤–æ–≤–µ–¥–µ–Ω–∏–µ",80-90,–ü–µ—Ä–≤–∞—è –ø–æ–ª–æ–≤–∏–Ω–∞ 11–≥–æ –∫–ª–∞—Å—Å–∞,–í—Ç–æ—Ä–∞—è –ø–æ–ª–æ–≤–∏–Ω–∞ 11–≥–æ –∫–ª–∞—Å—Å–∞,–ê–Ω–≥–ª
161,18.01.2026 13:58:05,–ì–∏–º–Ω–∞–∑–∏—è 16 –ú–∏–Ω—Å–∫–∞,11.0,"–†—É—Å—Å–∫–∏–π, –ò–Ω–æ—Å—Ç—Ä–∞–Ω–Ω—ã–π —è–∑—ã–∫, –û–±—â–µ—Å—Ç–≤–æ–≤–µ–¥–µ–Ω–∏–µ",70-80,–í—Ç–æ—Ä–∞—è –ø–æ–ª–æ–≤–∏–Ω–∞ 10–≥–æ –∫–ª–∞—Å—Å–∞,–ü–µ—Ä–≤–∞—è –ø–æ–ª–æ–≤–∏–Ω–∞ 11–≥–æ –∫–ª–∞—Å—Å–∞,–†—É—Å—Å–∫–∏–π 
162,18.01.2026 14:06:24,–§–ú–û –ë–ì–£,11.0,"–ë–µ–ª–∞—Ä—É—Å—Å–∫–∏–π, –ò–Ω–æ—Å—Ç—Ä–∞–Ω–Ω—ã–π —è–∑—ã–∫, –û–±—â–µ—Å—Ç–≤–æ–≤–µ–¥–µ–Ω–∏–µ",70-80,–ü–µ—Ä–≤–∞—è –ø–æ–ª–æ–≤–∏–Ω–∞ 10–≥–æ –∫–ª–∞—Å—Å–∞,–í—Ç–æ—Ä–∞—è –ø–æ–ª–æ–≤–∏–Ω–∞ 11–≥–æ –∫–ª–∞—Å—Å–∞,–ò–Ω–æ—Å—Ç—Ä–∞–Ω–Ω—ã–π —è–∑—ã–∫ (–∞–Ω–≥–ª–∏–π—Å–∫–∏–π)
163,18.01.2026 22:22:58,–ë—Ä–µ—Å—Ç—Å–∫–∏–π –æ–±–ª–∞—Å—Ç–Ω–æ–π –ª–∏—Ü–µ–π –∏–º–µ–Ω–∏ –ü. –ú. –ú–∞—à–µ—Ä–æ–≤–∞,11.0,"–†—É—Å—Å–∫–∏–π, –ë–∏–æ–ª–æ–≥–∏—è, –•–∏–º–∏—è",90+,–ü–µ—Ä–≤–∞—è –ø–æ–ª–æ–≤–∏–Ω–∞ 10–≥–æ –∫–ª–∞—Å—Å–∞,–ü–µ—Ä–≤–∞—è –ø–æ–ª–æ–≤–∏–Ω–∞ 11–≥–æ –∫–ª–∞—Å—Å–∞,"–•–∏–º–∏—è, –±–∏–æ–ª–æ–≥–∏—è, —Ä—É—Å—Å–∫–∏–π"
164,18.01.2026 22:24:46,–°—Ä–µ–¥–Ω—è—è —à–∫–æ–ª–∞ ‚Ññ2,11.0,"–ë–µ–ª–∞—Ä—É—Å—Å–∫–∏–π, –ë–∏–æ–ª–æ–≥–∏—è, –•–∏–º–∏—è",80-90,–í—Ç–æ—Ä–∞—è –ø–æ–ª–æ–≤–∏–Ω–∞ 10–≥–æ –∫–ª–∞—Å—Å–∞,–í—Ç–æ—Ä–∞—è –ø–æ–ª–æ–≤–∏–Ω–∞ 10–≥–æ –∫–ª–∞—Å—Å–∞,–ü–æ –≤—Å–µ–º –ø—Ä–µ–¥–º–µ—Ç–∞–º 
165,18.01.2026 22:26:02,–®–∫–æ–ª–∞,11.0,"–ë–µ–ª–∞—Ä—É—Å—Å–∫–∏–π, –ë–∏–æ–ª–æ–≥–∏—è, –•–∏–º–∏—è",80-90,–ü–µ—Ä–≤–∞—è –ø–æ–ª–æ–≤–∏–Ω–∞ 10–≥–æ –∫–ª–∞—Å—Å–∞,–ü–µ—Ä–≤–∞—è –ø–æ–ª–æ–≤–∏–Ω–∞ 10–≥–æ –∫–ª–∞—Å—Å–∞,"–ë–µ–ª–æ—Ä—É—Å—Å–∫–∏–π, —Ö–∏–º–∏—è, –±–∏–æ–ª–æ–≥–∏—è"
166,18.01.2026 22:27:12,–ª–∏—Ü–µ–π ,11.0,"–ë–µ–ª–∞—Ä—É—Å—Å–∫–∏–π, –ë–∏–æ–ª–æ–≥–∏—è, –•–∏–º–∏—è",80-90,–í—Ç–æ—Ä–∞—è –ø–æ–ª–æ–≤–∏–Ω–∞ 10–≥–æ –∫–ª–∞—Å—Å–∞,–í—Ç–æ—Ä–∞—è –ø–æ–ª–æ–≤–∏–Ω–∞ 10–≥–æ –∫–ª–∞—Å—Å–∞,"—Ö–∏–º–∏—è,–±–∏–æ–ª–æ–≥–∏—è,–±–µ–ª —è–∑"
167,18.01.2026 22:28:41,–ì—Ä–ì–ú–£,11.0,"–ë–µ–ª–∞—Ä—É—Å—Å–∫–∏–π, –ë–∏–æ–ª–æ–≥–∏—è, –•–∏–º–∏—è",80-90,–ü–µ—Ä–≤–∞—è –ø–æ–ª–æ–≤–∏–Ω–∞ 10–≥–æ –∫–ª–∞—Å—Å–∞,–ü–µ—Ä–≤–∞—è –ø–æ–ª–æ–≤–∏–Ω–∞ 10–≥–æ –∫–ª–∞—Å—Å–∞,"—Ö–∏–º–∏—è, –±–∏–æ–ª–æ–≥–∏—è "
168,18.01.2026 22:29:28,—Å—à –¥ —Ç–æ–º–∞—à–æ–≤–∫–∞ ,11.0,"–ë–µ–ª–∞—Ä—É—Å—Å–∫–∏–π, –ë–∏–æ–ª–æ–≥–∏—è, –•–∏–º–∏—è",80-90,–í—Ç–æ—Ä–∞—è –ø–æ–ª–æ–≤–∏–Ω–∞ 10–≥–æ –∫–ª–∞—Å—Å–∞,–í—Ç–æ—Ä–∞—è –ø–æ–ª–æ–≤–∏–Ω–∞ 10–≥–æ –∫–ª–∞—Å—Å–∞,—Ö–∏–º–∏—è –±–∏–æ–ª–æ–≥–∏—è 
169,18.01.2026 22:29:32,–ë—Ä–µ—Å—Ç—Å–∫–∏–π –æ–±–ª–∞—Å—Ç–Ω–æ–π –ª–∏—Ü–µ–π –∏–º–µ–Ω–∏ –ü.–ú –ú–∞—à–µ—Ä–æ–≤–∞,11.0,"–ú–∞—Ç–µ–º–∞—Ç–∏–∫–∞, –ë–µ–ª–∞—Ä—É—Å—Å–∫–∏–π, –•–∏–º–∏—è",70-80,–Ø —Å—á–∏—Ç–∞—é —á—Ç–æ —Å–¥–∞–º —Å–≤–æ–∏–º–∏ —Å–∏–ª–∞–º–∏,–î—É–º–∞—é –∑–∞–ø–∏—Å–∞—Ç—å—Å—è –Ω–∞ –∏–Ω—Ç–µ–Ω—Å–∏–≤ –ø–µ—Ä–µ–¥ —ç–∫–∑–∞–º–∏ (—É –º–Ω–æ–≥–∏—Ö –∫—É—Ä—Å–æ–≤ –µ—Å—Ç—å –≤–æ–∑–º–æ–∂–Ω–æ—Å—Ç—å –∑–∞–ø–∏—Å–∞—Ç—å—Å—è –≤ –∫–æ–Ω—Ü–µ —Ç–∏–ø–∞ –≤–∑—è—Ç—å —Ç–æ–ª—å–∫–æ –≤–µ—Å–Ω—É –∏–ª–∏ —Ç–æ–ª—å–∫–æ –º–∞–π –∏–ª–∏ –≤–æ–æ–±—â–µ —Ç–æ–ª—å–∫–æ –ø–∞—Ä—É –Ω–µ–¥–µ–ª—å –¥–æ —ç–∫–∑–æ–≤),–•–∏–º–∏—è
170,18.01.2026 22:30:07,–°–® 1 –∏–º–µ–Ω–∏ –í.–ì. –ü–µ—à–∫–æ –≥. –°–∫–∏–¥–µ–ª—å,11.0,"–†—É—Å—Å–∫–∏–π, –ë–∏–æ–ª–æ–≥–∏—è, –•–∏–º–∏—è",90+,–ü–µ—Ä–≤–∞—è –ø–æ–ª–æ–≤–∏–Ω–∞ 10–≥–æ –∫–ª–∞—Å—Å–∞,–ü–µ—Ä–≤–∞—è –ø–æ–ª–æ–≤–∏–Ω–∞ 10–≥–æ –∫–ª–∞—Å—Å–∞,"—Ö–∏–º–∏—è, –±–∏–æ–ª–æ–≥–∏—è, —Ä—É—Å—Å–∫–∏–π "
171,18.01.2026 22:31:40,–®–∫–æ–ª–∞,11.0,"–ë–∏–æ–ª–æ–≥–∏—è, –•–∏–º–∏—è",90+,–Ø —Å—á–∏—Ç–∞—é —á—Ç–æ —Å–¥–∞–º —Å–≤–æ–∏–º–∏ —Å–∏–ª–∞–º–∏,,
172,18.01.2026 22:32:03,—É–Ω–∏–≤–µ—Ä—Å–∏—Ç–µ—Ç,11.0,"–ë–µ–ª–∞—Ä—É—Å—Å–∫–∏–π, –ë–∏–æ–ª–æ–≥–∏—è, –•–∏–º–∏—è",70-80,–ü–µ—Ä–≤–∞—è –ø–æ–ª–æ–≤–∏–Ω–∞ 11–≥–æ –∫–ª–∞—Å—Å–∞,–ü–µ—Ä–≤–∞—è –ø–æ–ª–æ–≤–∏–Ω–∞ 11–≥–æ –∫–ª–∞—Å—Å–∞,—Ö–∏–º–∏—è
173,18.01.2026 22:32:43,—à–∫–æ–ª–∞ 39 –≥—Ä–æ–¥–Ω–æ,11.0,"–ë–∏–æ–ª–æ–≥–∏—è, –•–∏–º–∏—è",80-90,–ü–µ—Ä–≤–∞—è –ø–æ–ª–æ–≤–∏–Ω–∞ 10–≥–æ –∫–ª–∞—Å—Å–∞,–ü–µ—Ä–≤–∞—è –ø–æ–ª–æ–≤–∏–Ω–∞ 10–≥–æ –∫–ª–∞—Å—Å–∞,—Ö–∏–º –±–∏–æ
174,18.01.2026 22:33:42,–ë—Ä–µ—Å—Ç—Å–∫–∏–π –æ–±–ª–∞—Å—Ç–Ω–æ–π –ª–∏—Ü–µ–π –∏–º–µ–Ω–∏ –ü. –ú. –ú–∞—à–µ—Ä–æ–≤–∞,11.0,"–ë–µ–ª–∞—Ä—É—Å—Å–∫–∏–π, –ë–∏–æ–ª–æ–≥–∏—è, –•–∏–º–∏—è",80-90,–ü–µ—Ä–≤–∞—è –ø–æ–ª–æ–≤–∏–Ω–∞ 10–≥–æ –∫–ª–∞—Å—Å–∞,–ü–µ—Ä–≤–∞—è –ø–æ–ª–æ–≤–∏–Ω–∞ 10–≥–æ –∫–ª–∞—Å—Å–∞,"—Ö–∏–º–∏—è, –±–∏–æ–ª–æ–≥–∏—è"
175,18.01.2026 22:34:19,–ñ—É–ø—Ä–∞–Ω—Å–∫–∞—è –°–®,11.0,"–†—É—Å—Å–∫–∏–π, –ë–∏–æ–ª–æ–≥–∏—è, –•–∏–º–∏—è",80-90,–ü–µ—Ä–≤–∞—è –ø–æ–ª–æ–≤–∏–Ω–∞ 10–≥–æ –∫–ª–∞—Å—Å–∞,–ü–µ—Ä–≤–∞—è –ø–æ–ª–æ–≤–∏–Ω–∞ 10–≥–æ –∫–ª–∞—Å—Å–∞,–•–∏–º–∏—è 
176,18.01.2026 22:34:27,–õ–∏—Ü–µ–π –º–∞—à–µ—Ä–æ–≤–∞,11.0,"–ë–µ–ª–∞—Ä—É—Å—Å–∫–∏–π, –ë–∏–æ–ª–æ–≥–∏—è, –•–∏–º–∏—è",80-90,–ü–µ—Ä–≤–∞—è –ø–æ–ª–æ–≤–∏–Ω–∞ 11–≥–æ –∫–ª–∞—Å—Å–∞,–ü–µ—Ä–≤–∞—è –ø–æ–ª–æ–≤–∏–Ω–∞ 11–≥–æ –∫–ª–∞—Å—Å–∞,"–•–∏–º–∏—è, –±–∏–æ–ª–æ–≥–∏—è"
177,18.01.2026 22:34:41,10 –≥–∏–º–Ω–∞–∑–∏—è –≥–æ—Ä–æ–¥–∞ –ì—Ä–æ–¥–Ω–æ,11.0,"–†—É—Å—Å–∫–∏–π, –ë–∏–æ–ª–æ–≥–∏—è, –•–∏–º–∏—è",70-80,–ü–µ—Ä–≤–∞—è –ø–æ–ª–æ–≤–∏–Ω–∞ 10–≥–æ –∫–ª–∞—Å—Å–∞,–í—Ç–æ—Ä–∞—è –ø–æ–ª–æ–≤–∏–Ω–∞ 10–≥–æ –∫–ª–∞—Å—Å–∞,"–±–∏–æ–ª–æ–≥–∏—è, —Ö–∏–º–∏—è, —Ä—É—Å—Å–∫–∏–π —è–∑—ã–∫ "
178,18.01.2026 22:35:21,–õ–∏—Ü–µ–π –ë–ì–£ ,11.0,"–ë–∏–æ–ª–æ–≥–∏—è, –•–∏–º–∏—è",90+,–í—Ç–æ—Ä–∞—è –ø–æ–ª–æ–≤–∏–Ω–∞ 10–≥–æ –∫–ª–∞—Å—Å–∞,–ü–µ—Ä–≤–∞—è –ø–æ–ª–æ–≤–∏–Ω–∞ 11–≥–æ –∫–ª–∞—Å—Å–∞,–•–∏–º–∏—è –±–∏–æ–ª–æ–≥–∏—è
179,18.01.2026 22:35:48,–≥–∏–º–Ω–∞–∑–∏—è,11.0,"–†—É—Å—Å–∫–∏–π, –ë–∏–æ–ª–æ–≥–∏—è, –•–∏–º–∏—è",80-90,–ü–µ—Ä–≤–∞—è –ø–æ–ª–æ–≤–∏–Ω–∞ 11–≥–æ –∫–ª–∞—Å—Å–∞,–ü–µ—Ä–≤–∞—è –ø–æ–ª–æ–≤–∏–Ω–∞ 11–≥–æ –∫–ª–∞—Å—Å–∞,–•–∏–º–∏—è 
180,18.01.2026 22:39:22,–°—Ä–µ–¥–Ω—è—è —à–∫–æ–ª–∞ –Ω–æ–º–µ—Ä 31,11.0,"–†—É—Å—Å–∫–∏–π, –ë–∏–æ–ª–æ–≥–∏—è, –•–∏–º–∏—è",90+,–ü–µ—Ä–≤–∞—è –ø–æ–ª–æ–≤–∏–Ω–∞ 10–≥–æ –∫–ª–∞—Å—Å–∞,–í—Ç–æ—Ä–∞—è –ø–æ–ª–æ–≤–∏–Ω–∞ 10–≥–æ –∫–ª–∞—Å—Å–∞,"–ë–∏–æ–ª–æ–≥–∏—è, —Ä—É—Å—Å–∫–∏–π —è–∑—ã–∫ "
181,18.01.2026 22:39:24,–ì—Ä–≥–º—É,11.0,"–†—É—Å—Å–∫–∏–π, –ë–∏–æ–ª–æ–≥–∏—è, –•–∏–º–∏—è",80-90,–ü–µ—Ä–≤–∞—è –ø–æ–ª–æ–≤–∏–Ω–∞ 10–≥–æ –∫–ª–∞—Å—Å–∞,–ü–µ—Ä–≤–∞—è –ø–æ–ª–æ–≤–∏–Ω–∞ 10–≥–æ –∫–ª–∞—Å—Å–∞,"–†—É—Å–∫–∏–π, —Ö–∏–º–∏—è, –±–∏–æ–ª–æ–≥–∏—è"
182,18.01.2026 22:39:25,–ì—Ä–≥–º—É,11.0,"–†—É—Å—Å–∫–∏–π, –ë–∏–æ–ª–æ–≥–∏—è, –•–∏–º–∏—è",80-90,–ü–µ—Ä–≤–∞—è –ø–æ–ª–æ–≤–∏–Ω–∞ 11–≥–æ –∫–ª–∞—Å—Å–∞,–ü–µ—Ä–≤–∞—è –ø–æ–ª–æ–≤–∏–Ω–∞ 11–≥–æ –∫–ª–∞—Å—Å–∞,–ë–∏–æ–ª–æ–≥–∏—è 
183,18.01.2026 22:39:42,–ì—Ä–ì–ú–£,11.0,"–†—É—Å—Å–∫–∏–π, –ë–∏–æ–ª–æ–≥–∏—è, –•–∏–º–∏—è",80-90,–í—Ç–æ—Ä–∞—è –ø–æ–ª–æ–≤–∏–Ω–∞ 10–≥–æ –∫–ª–∞—Å—Å–∞,–í—Ç–æ—Ä–∞—è –ø–æ–ª–æ–≤–∏–Ω–∞ 11–≥–æ –∫–ª–∞—Å—Å–∞,–±–∏–æ–ª–æ–≥–∏—è —Ä—É—Å—Å–∫–∏–π —è–∑—ã–∫
184,18.01.2026 22:39:49,–ì—Ä–ì–ú–£,11.0,"–†—É—Å—Å–∫–∏–π, –ë–∏–æ–ª–æ–≥–∏—è, –•–∏–º–∏—è",80-90,–ü–µ—Ä–≤–∞—è –ø–æ–ª–æ–≤–∏–Ω–∞ 10–≥–æ –∫–ª–∞—Å—Å–∞,–ü–µ—Ä–≤–∞—è –ø–æ–ª–æ–≤–∏–Ω–∞ 10–≥–æ –∫–ª–∞—Å—Å–∞,"—Ö–∏–º–∏—è, –±–∏–æ–ª–æ–≥–∏—è"
185,18.01.2026 22:41:41,–ë—Ä–µ—Å—Ç—Å–∫–∏–π –æ–±–ª–∞—Å—Ç–Ω–æ–π –ª–∏—Ü–µ–π –∏–º–µ–Ω–∏ –ü–µ—Ç—Ä–∞ –ú–∏—Ä–æ–Ω–æ–≤–∏—á–∞ –ú–∞—à–µ—Ä–æ–≤–∞ ,11.0,"–ë–∏–æ–ª–æ–≥–∏—è, –•–∏–º–∏—è",80-90,–ü–µ—Ä–≤–∞—è –ø–æ–ª–æ–≤–∏–Ω–∞ 10–≥–æ –∫–ª–∞—Å—Å–∞,–ü–µ—Ä–≤–∞—è –ø–æ–ª–æ–≤–∏–Ω–∞ 11–≥–æ –∫–ª–∞—Å—Å–∞,"—Ö–∏–º–∏—è, —Ä—É—Å—Å–∫–∏–π "
186,18.01.2026 22:42:09,–ì—Ä–ì–ú–£,11.0,"–ë–µ–ª–∞—Ä—É—Å—Å–∫–∏–π, –ë–∏–æ–ª–æ–≥–∏—è, –•–∏–º–∏—è",80-90,–í—Ç–æ—Ä–∞—è –ø–æ–ª–æ–≤–∏–Ω–∞ 10–≥–æ –∫–ª–∞—Å—Å–∞,–í—Ç–æ—Ä–∞—è –ø–æ–ª–æ–≤–∏–Ω–∞ 10–≥–æ –∫–ª–∞—Å—Å–∞,"—Ö–∏–º–∏—è, –±–∏–æ–ª–æ–≥–∏—è"
187,18.01.2026 22:43:03,–°–® ‚Ññ1 –≥. –ë—Ä–µ—Å—Ç–∞ ,11.0,"–ë–∏–æ–ª–æ–≥–∏—è, –•–∏–º–∏—è",80-90,–ü–µ—Ä–≤–∞—è –ø–æ–ª–æ–≤–∏–Ω–∞ 10–≥–æ –∫–ª–∞—Å—Å–∞,–ü–µ—Ä–≤–∞—è –ø–æ–ª–æ–≤–∏–Ω–∞ 10–≥–æ –∫–ª–∞—Å—Å–∞,"–ë–∏–æ–ª–æ–≥–∏—è, —Ö–∏–º–∏—è, —Ä—É—Å—Å–∫–∏–π —è–∑—ã–∫ "
188,18.01.2026 22:44:04,—Å—Ä–µ–¥–Ω—è—è —à–∫–æ–ª–∞,11.0,"–†—É—Å—Å–∫–∏–π, –ë–∏–æ–ª–æ–≥–∏—è, –•–∏–º–∏—è",80-90,–ü–µ—Ä–≤–∞—è –ø–æ–ª–æ–≤–∏–Ω–∞ 10–≥–æ –∫–ª–∞—Å—Å–∞,–ü–µ—Ä–≤–∞—è –ø–æ–ª–æ–≤–∏–Ω–∞ 10–≥–æ –∫–ª–∞—Å—Å–∞,–ü–æ –≤—Å–µ–º 3
189,18.01.2026 22:46:57,–°—Ä–µ–¥–Ω—è—è —à–∫–æ–ª–∞ ‚Ññ1 –≥. –ü–æ—Å—Ç–∞–≤—ã ,11.0,"–ë–µ–ª–∞—Ä—É—Å—Å–∫–∏–π, –ë–∏–æ–ª–æ–≥–∏—è, –•–∏–º–∏—è",90+,–í—Ç–æ—Ä–∞—è –ø–æ–ª–æ–≤–∏–Ω–∞ 10–≥–æ –∫–ª–∞—Å—Å–∞,–ü–µ—Ä–≤–∞—è –ø–æ–ª–æ–≤–∏–Ω–∞ 11–≥–æ –∫–ª–∞—Å—Å–∞,"–•–∏–º–∏—è, –±–∏–æ–ª–æ–≥–∏—è "
190,18.01.2026 22:48:41,–õ–∏—Ü–µ–π –ë–ì–£,11.0,"–†—É—Å—Å–∫–∏–π, –ë–∏–æ–ª–æ–≥–∏—è, –•–∏–º–∏—è",90+,–ü–µ—Ä–≤–∞—è –ø–æ–ª–æ–≤–∏–Ω–∞ 11–≥–æ –∫–ª–∞—Å—Å–∞,–ü–µ—Ä–≤–∞—è –ø–æ–ª–æ–≤–∏–Ω–∞ 11–≥–æ –∫–ª–∞—Å—Å–∞,—Ä—É—Å—Å–∫–∏–π
191,18.01.2026 22:53:45,–ú–µ–¥–∏—Ü–∏–Ω—Å–∫–∏–π —É–Ω–∏–≤–µ—Ä—Å–∏—Ç–µ—Ç ,11.0,"–ë–∏–æ–ª–æ–≥–∏—è, –•–∏–º–∏—è",70-80,–ü–µ—Ä–≤–∞—è –ø–æ–ª–æ–≤–∏–Ω–∞ 10–≥–æ –∫–ª–∞—Å—Å–∞,–í—Ç–æ—Ä–∞—è –ø–æ–ª–æ–≤–∏–Ω–∞ 10–≥–æ –∫–ª–∞—Å—Å–∞,"–•–∏–º–∏—è, –±–∏–æ–ª–æ–≥–∏—è"
192,18.01.2026 22:55:26,–≥—Ä–≥–º—É,11.0,"–†—É—Å—Å–∫–∏–π, –ë–∏–æ–ª–æ–≥–∏—è, –•–∏–º–∏—è",80-90,–ü–µ—Ä–≤–∞—è –ø–æ–ª–æ–≤–∏–Ω–∞ 10–≥–æ –∫–ª–∞—Å—Å–∞,–ü–µ—Ä–≤–∞—è –ø–æ–ª–æ–≤–∏–Ω–∞ 10–≥–æ –∫–ª–∞—Å—Å–∞,–≤—Å–µ
193,18.01.2026 22:59:32,–ì–∏–º–Ω–∞–∑–∏—è ,11.0,"–†—É—Å—Å–∫–∏–π, –ë–∏–æ–ª–æ–≥–∏—è, –•–∏–º–∏—è",70-80,–ü–µ—Ä–≤–∞—è –ø–æ–ª–æ–≤–∏–Ω–∞ 10–≥–æ –∫–ª–∞—Å—Å–∞,–ü–µ—Ä–≤–∞—è –ø–æ–ª–æ–≤–∏–Ω–∞ 10–≥–æ –∫–ª–∞—Å—Å–∞,–í—Å–µ–º
194,18.01.2026 23:02:01,–ë—Ä–µ—Å—Ç—Å–∫–∏–π –æ–±–ª–∞—Å—Ç–Ω–æ–π –ª–∏—Ü–µ–π –ü.–ú. –ú–∞—à–µ—Ä–æ–≤–∞,11.0,"–ë–µ–ª–∞—Ä—É—Å—Å–∫–∏–π, –ë–∏–æ–ª–æ–≥–∏—è, –•–∏–º–∏—è",80-90,–í—Ç–æ—Ä–∞—è –ø–æ–ª–æ–≤–∏–Ω–∞ 10–≥–æ –∫–ª–∞—Å—Å–∞,–ü–µ—Ä–≤–∞—è –ø–æ–ª–æ–≤–∏–Ω–∞ 10–≥–æ –∫–ª–∞—Å—Å–∞,"–ë–∏–æ–ª–æ–≥–∏—è, —Ö–∏–º–∏—è"
195,18.01.2026 23:02:51,–í —É–Ω–∏–≤–µ—Ä—Å–∏—Ç–µ—Ç–µ ,11.0,"–ú–∞—Ç–µ–º–∞—Ç–∏–∫–∞, –ë–µ–ª–∞—Ä—É—Å—Å–∫–∏–π, –•–∏–º–∏—è",80-90,–í—Ç–æ—Ä–∞—è –ø–æ–ª–æ–≤–∏–Ω–∞ 10–≥–æ –∫–ª–∞—Å—Å–∞,–ü–µ—Ä–≤–∞—è –ø–æ–ª–æ–≤–∏–Ω–∞ 11–≥–æ –∫–ª–∞—Å—Å–∞,"–º–∞—Ç–µ–º–∞—Ç–∏–∫–∞,—Ö–∏–º–∏—è"
196,18.01.2026 23:14:21,11 —à–∫–æ–ª–∞,11.0,"–ë–∏–æ–ª–æ–≥–∏—è, –•–∏–º–∏—è",70-80,–í—Ç–æ—Ä–∞—è –ø–æ–ª–æ–≤–∏–Ω–∞ 10–≥–æ –∫–ª–∞—Å—Å–∞,–í—Ç–æ—Ä–∞—è –ø–æ–ª–æ–≤–∏–Ω–∞ 10–≥–æ –∫–ª–∞—Å—Å–∞,"—Ö–∏–º–∏—è,  –±–∏–æ"
197,18.01.2026 23:36:35,–®–∫–æ–ª–∞,11.0,"–†—É—Å—Å–∫–∏–π, –ë–∏–æ–ª–æ–≥–∏—è, –•–∏–º–∏—è",90+,–ü–µ—Ä–≤–∞—è –ø–æ–ª–æ–≤–∏–Ω–∞ 10–≥–æ –∫–ª–∞—Å—Å–∞,–ü–µ—Ä–≤–∞—è –ø–æ–ª–æ–≤–∏–Ω–∞ 10–≥–æ –∫–ª–∞—Å—Å–∞,
198,19.01.2026 0:02:19,–ì—Ä–≥–º—É- —É–Ω–∏–≤–µ—Ä—Å–∏—Ç–µ—Ç,11.0,"–†—É—Å—Å–∫–∏–π, –ë–∏–æ–ª–æ–≥–∏—è, –•–∏–º–∏—è",90+,–Ø —Å—á–∏—Ç–∞—é —á—Ç–æ —Å–¥–∞–º —Å–≤–æ–∏–º–∏ —Å–∏–ª–∞–º–∏,–í—Ç–æ—Ä–∞—è –ø–æ–ª–æ–≤–∏–Ω–∞ 11–≥–æ –∫–ª–∞—Å—Å–∞,–†—É—Å—Å–∫–∏–π
199,19.01.2026 0:16:36,–ë–µ—Ä–µ–∑–∏–Ω—Å–∫–∞—è –≥–∏–º–Ω–∞–∑–∏—è ,11.0,"–†—É—Å—Å–∫–∏–π, –ë–∏–æ–ª–æ–≥–∏—è, –•–∏–º–∏—è",90+,–ü–µ—Ä–≤–∞—è –ø–æ–ª–æ–≤–∏–Ω–∞ 10–≥–æ –∫–ª–∞—Å—Å–∞,–ü–µ—Ä–≤–∞—è –ø–æ–ª–æ–≤–∏–Ω–∞ 10–≥–æ –∫–ª–∞—Å—Å–∞,–•–∏–º–∏—è –∏ –±–∏–æ–ª–æ–≥–∏—è
200,19.01.2026 7:58:10,–°–® ‚Ññ8 –≥. –õ–∏–¥—ã –∏–º–µ–Ω–∏ –í.–§.–ö–∞–∑–∞–∫–æ–≤–∞,11.0,"–ë–∏–æ–ª–æ–≥–∏—è, –•–∏–º–∏—è",90+,–ü–µ—Ä–≤–∞—è –ø–æ–ª–æ–≤–∏–Ω–∞ 10–≥–æ –∫–ª–∞—Å—Å–∞,–ü–µ—Ä–≤–∞—è –ø–æ–ª–æ–≤–∏–Ω–∞ 10–≥–æ –∫–ª–∞—Å—Å–∞,"–†—É—Å—Å–∫–∏–π , –±–∏–æ–ª–æ–≥–∏—è , —Ö–∏–º–∏—è "
201,19.01.2026 14:35:10,34 —à–∫–æ–ª–∞ ,11.0,"–†—É—Å—Å–∫–∏–π, –ë–∏–æ–ª–æ–≥–∏—è, –•–∏–º–∏—è",–î–æ 70,–Ø —Å—á–∏—Ç–∞—é —á—Ç–æ —Å–¥–∞–º —Å–≤–æ–∏–º–∏ —Å–∏–ª–∞–º–∏,–î—É–º–∞—é –∑–∞–ø–∏—Å–∞—Ç—å—Å—è –Ω–∞ –∏–Ω—Ç–µ–Ω—Å–∏–≤ –ø–µ—Ä–µ–¥ —ç–∫–∑–∞–º–∏ (—É –º–Ω–æ–≥–∏—Ö –∫—É—Ä—Å–æ–≤ –µ—Å—Ç—å –≤–æ–∑–º–æ–∂–Ω–æ—Å—Ç—å –∑–∞–ø–∏—Å–∞—Ç—å—Å—è –≤ –∫–æ–Ω—Ü–µ —Ç–∏–ø–∞ –≤–∑—è—Ç—å —Ç–æ–ª—å–∫–æ –≤–µ—Å–Ω—É –∏–ª–∏ —Ç–æ–ª—å–∫–æ –º–∞–π –∏–ª–∏ –≤–æ–æ–±—â–µ —Ç–æ–ª—å–∫–æ –ø–∞—Ä—É –Ω–µ–¥–µ–ª—å –¥–æ —ç–∫–∑–æ–≤),
202,19.01.2026 18:45:17,29 –≥–∏–º–Ω–∞–∑–∏—è –≥.–º–∏–Ω—Å–∫,11.0,"–†—É—Å—Å–∫–∏–π, –ò–Ω–æ—Å—Ç—Ä–∞–Ω–Ω—ã–π —è–∑—ã–∫, –û–±—â–µ—Å—Ç–≤–æ–≤–µ–¥–µ–Ω–∏–µ",90+,–ü–µ—Ä–≤–∞—è –ø–æ–ª–æ–≤–∏–Ω–∞ 10–≥–æ –∫–ª–∞—Å—Å–∞,–ü–µ—Ä–≤–∞—è –ø–æ–ª–æ–≤–∏–Ω–∞ 10–≥–æ –∫–ª–∞—Å—Å–∞,"—Ä—É—Å—Å–∫–∏–π –∏ –∞–Ω–≥–ª–∏–π—Å–∫–∏–π —è–∑—ã–∫, –æ–±—â–µ—Å—Ç–≤–æ–≤–µ–¥–µ–Ω–∏–µ "
203,19.01.2026 22:05:31,—à–∫–æ–ª–∞,11.0,"–†—É—Å—Å–∫–∏–π, –ë–∏–æ–ª–æ–≥–∏—è, –•–∏–º–∏—è",80-90,–ü–µ—Ä–≤–∞—è –ø–æ–ª–æ–≤–∏–Ω–∞ 10–≥–æ –∫–ª–∞—Å—Å–∞,–ü–µ—Ä–≤–∞—è –ø–æ–ª–æ–≤–∏–Ω–∞ 10–≥–æ –∫–ª–∞—Å—Å–∞,–ø–æ –≤—Å–µ–º
204,19.01.2026 22:05:45,–°–® 72 –≥. –ú–∏–Ω—Å–∫–∞ ,11.0,"–ú–∞—Ç–µ–º–∞—Ç–∏–∫–∞, –§–∏–∑–∏–∫–∞, –ë–µ–ª–∞—Ä—É—Å—Å–∫–∏–π",70-80,–í—Ç–æ—Ä–∞—è –ø–æ–ª–æ–≤–∏–Ω–∞ 10–≥–æ –∫–ª–∞—Å—Å–∞,–ü–µ—Ä–≤–∞—è –ø–æ–ª–æ–≤–∏–Ω–∞ 11–≥–æ –∫–ª–∞—Å—Å–∞,–§–∏–∑–∏–∫–∞
205,19.01.2026 22:06:37,–õ–∏—Ü–µ–π –ë–µ–ª–æ—Ä—É—Å—Å–∫–æ-–†–æ—Å—Å–∏–π—Å–∫–æ–≥–æ —É–Ω–∏–≤–µ—Ä—Å–∏—Ç–µ—Ç–∞,11.0,"–†—É—Å—Å–∫–∏–π, –ë–∏–æ–ª–æ–≥–∏—è, –•–∏–º–∏—è",80-90,–í—Ç–æ—Ä–∞—è –ø–æ–ª–æ–≤–∏–Ω–∞ 10–≥–æ –∫–ª–∞—Å—Å–∞,–ü–µ—Ä–≤–∞—è –ø–æ–ª–æ–≤–∏–Ω–∞ 11–≥–æ –∫–ª–∞—Å—Å–∞,—Ö–∏–º–∏—è
206,19.01.2026 22:09:41,–ë–ì–£ –†–§–∏–ö–¢,11.0,"–ú–∞—Ç–µ–º–∞—Ç–∏–∫–∞, –§–∏–∑–∏–∫–∞, –†—É—Å—Å–∫–∏–π",80-90,–í—Ç–æ—Ä–∞—è –ø–æ–ª–æ–≤–∏–Ω–∞ 10–≥–æ –∫–ª–∞—Å—Å–∞,–ü–µ—Ä–≤–∞—è –ø–æ–ª–æ–≤–∏–Ω–∞ 11–≥–æ –∫–ª–∞—Å—Å–∞,–§–∏–∑–∏–∫–∞ 
207,19.01.2026 22:10:14,–ì–∏–º–Ω–∞–∑–∏—è 6,11.0,"–ú–∞—Ç–µ–º–∞—Ç–∏–∫–∞, –§–∏–∑–∏–∫–∞, –†—É—Å—Å–∫–∏–π",70-80,–Ø —Å—á–∏—Ç–∞—é —á—Ç–æ —Å–¥–∞–º —Å–≤–æ–∏–º–∏ —Å–∏–ª–∞–º–∏,,
208,19.01.2026 22:22:10,–ú–æ–∑—ã—Ä—Å–∫–∏–π –≥–æ—Å—É–¥–∞—Ä—Å—Ç–≤–µ–Ω–Ω—ã–π –æ–±–ª–∞—Å—Ç–Ω–æ–π –ª–∏—Ü–µ–π ,11.0,"–†—É—Å—Å–∫–∏–π, –ë–∏–æ–ª–æ–≥–∏—è, –•–∏–º–∏—è",90+,–Ø —Å—á–∏—Ç–∞—é —á—Ç–æ —Å–¥–∞–º —Å–≤–æ–∏–º–∏ —Å–∏–ª–∞–º–∏,,
209,19.01.2026 22:28:38,"–ì–∏–º–Ω–∞–∑–∏—è 1, –≥. –ñ–ª–æ–±–∏–Ω",11.0,"–ú–∞—Ç–µ–º–∞—Ç–∏–∫–∞, –§–∏–∑–∏–∫–∞",70-80,–Ø —Å—á–∏—Ç–∞—é —á—Ç–æ —Å–¥–∞–º —Å–≤–æ–∏–º–∏ —Å–∏–ª–∞–º–∏,,
210,19.01.2026 22:44:17,–ë–ì–£ –±–∏–æ—Ñ–∞–∫,11.0,"–ë–µ–ª–∞—Ä—É—Å—Å–∫–∏–π, –ë–∏–æ–ª–æ–≥–∏—è, –•–∏–º–∏—è",80-90,–í—Ç–æ—Ä–∞—è –ø–æ–ª–æ–≤–∏–Ω–∞ 10–≥–æ –∫–ª–∞—Å—Å–∞,–í—Ç–æ—Ä–∞—è –ø–æ–ª–æ–≤–∏–Ω–∞ 10–≥–æ –∫–ª–∞—Å—Å–∞,"—Ö–∏–º–∏—è,–±–∏–æ–ª–æ–≥–∏—è "
211,19.01.2026 22:46:25,–ú–∏–Ω—Å–∫–∏–π –≥–æ—Å—É–¥–∞—Ä—Å—Ç–≤–µ–Ω–Ω—ã–π –æ–±–ª–∞—Å—Ç–Ω–æ–π –ª–∏—Ü–µ–π ,11.0,"–ú–∞—Ç–µ–º–∞—Ç–∏–∫–∞, –§–∏–∑–∏–∫–∞, –†—É—Å—Å–∫–∏–π",80-90,–ü–µ—Ä–≤–∞—è –ø–æ–ª–æ–≤–∏–Ω–∞ 11–≥–æ –∫–ª–∞—Å—Å–∞,–í—Ç–æ—Ä–∞—è –ø–æ–ª–æ–≤–∏–Ω–∞ 11–≥–æ –∫–ª–∞—Å—Å–∞,"–†—É—Å—Å–∫–∏–π, –º–∞—Ç–µ–º–∞—Ç–∏–∫–∞, —Ñ–∏–∑–∏–∫–∞ "
212,19.01.2026 23:44:38,–í —à–∫–æ–ª–µ,10.0,"–†—É—Å—Å–∫–∏–π, –ò–Ω–æ—Å—Ç—Ä–∞–Ω–Ω—ã–π —è–∑—ã–∫, –ò—Å—Ç–æ—Ä–∏—è",90+,–ü–µ—Ä–≤–∞—è –ø–æ–ª–æ–≤–∏–Ω–∞ 10–≥–æ –∫–ª–∞—Å—Å–∞,–ü–µ—Ä–≤–∞—è –ø–æ–ª–æ–≤–∏–Ω–∞ 10–≥–æ –∫–ª–∞—Å—Å–∞,–ü–æ –≤—Å–µ–º
213,19.01.2026 23:46:35,–ú–ì–û–õ –Ω–æ–º–µ—Ä 1 –≥. –ú–æ–≥–∏–ª–µ–≤–∞,11.0,"–ú–∞—Ç–µ–º–∞—Ç–∏–∫–∞, –§–∏–∑–∏–∫–∞, –†—É—Å—Å–∫–∏–π",90+,–ü–µ—Ä–≤–∞—è –ø–æ–ª–æ–≤–∏–Ω–∞ 10–≥–æ –∫–ª–∞—Å—Å–∞,–ü–µ—Ä–≤–∞—è –ø–æ–ª–æ–≤–∏–Ω–∞ 10–≥–æ –∫–ª–∞—Å—Å–∞,—Ñ–∏–∑–∏–∫–∞
214,20.01.2026 0:27:36,.,11.0,"–ë–µ–ª–∞—Ä—É—Å—Å–∫–∏–π, –ë–∏–æ–ª–æ–≥–∏—è, –•–∏–º–∏—è",90+,–ü–µ—Ä–≤–∞—è –ø–æ–ª–æ–≤–∏–Ω–∞ 10–≥–æ –∫–ª–∞—Å—Å–∞,–ü–µ—Ä–≤–∞—è –ø–æ–ª–æ–≤–∏–Ω–∞ 10–≥–æ –∫–ª–∞—Å—Å–∞,
215,20.01.2026 0:46:51,—Å—Ä–µ–¥–Ω—è—è —à–∫–æ–ª–∞ 72 –≥. –≥–æ–º–µ–ª—è,11.0,"–ú–∞—Ç–µ–º–∞—Ç–∏–∫–∞, –§–∏–∑–∏–∫–∞, –†—É—Å—Å–∫–∏–π",80-90,–ü–µ—Ä–≤–∞—è –ø–æ–ª–æ–≤–∏–Ω–∞ 10–≥–æ –∫–ª–∞—Å—Å–∞,–ü–µ—Ä–≤–∞—è –ø–æ–ª–æ–≤–∏–Ω–∞ 11–≥–æ –∫–ª–∞—Å—Å–∞,—Ä—É—Å—Å–∫–∏–π
216,20.01.2026 9:34:33,–ë—Ä–µ—Å—Ç—Å–∫–∏–π –≥–æ—Å—É–¥–∞—Ä—Å—Ç–≤–µ–Ω–Ω—ã–π –ª–∏—Ü–µ–π –∏–º–µ–Ω–∏ –ü.–ú.–ú–∞—à–µ—Ä–æ–≤–∞,11.0,"–ë–µ–ª–∞—Ä—É—Å—Å–∫–∏–π, –ë–∏–æ–ª–æ–≥–∏—è, –•–∏–º–∏—è",80-90,–Ø —Å—á–∏—Ç–∞—é —á—Ç–æ —Å–¥–∞–º —Å–≤–æ–∏–º–∏ —Å–∏–ª–∞–º–∏,,–ù–µ –±—Ä–∞–ª
217,20.01.2026 11:30:59,–í –ë–ì–£,11.0,"–ú–∞—Ç–µ–º–∞—Ç–∏–∫–∞, –§–∏–∑–∏–∫–∞, –†—É—Å—Å–∫–∏–π",80-90,–í—Ç–æ—Ä–∞—è –ø–æ–ª–æ–≤–∏–Ω–∞ 10–≥–æ –∫–ª–∞—Å—Å–∞,,
218,20.01.2026 12:57:16,–ì–∏–º–Ω–∞–∑–∏—è ‚Ññ2 –≥. –í–∏—Ç–µ–±—Å–∫–∞,11.0,"–†—É—Å—Å–∫–∏–π, –ò–Ω–æ—Å—Ç—Ä–∞–Ω–Ω—ã–π —è–∑—ã–∫, –ò—Å—Ç–æ—Ä–∏—è",80-90,–ü–µ—Ä–≤–∞—è –ø–æ–ª–æ–≤–∏–Ω–∞ 11–≥–æ –∫–ª–∞—Å—Å–∞,–ü–µ—Ä–≤–∞—è –ø–æ–ª–æ–≤–∏–Ω–∞ 11–≥–æ –∫–ª–∞—Å—Å–∞,—Ä—É—Å—Å–∫–∏–π –∏ –∏—Å—Ç–æ—Ä–∏—è 
219,20.01.2026 14:06:14,–ì–£–û ¬´–°—Ä–µ–¥–Ω—è—è —à–∫–æ–ª–∞ ‚Ññ40 –≥.–ú–æ–≥–∏–ª—ë–≤–∞¬ª,11.0,"–ú–∞—Ç–µ–º–∞—Ç–∏–∫–∞, –§–∏–∑–∏–∫–∞, –†—É—Å—Å–∫–∏–π",90+,–ü–µ—Ä–≤–∞—è –ø–æ–ª–æ–≤–∏–Ω–∞ 10–≥–æ –∫–ª–∞—Å—Å–∞,–ü–µ—Ä–≤–∞—è –ø–æ–ª–æ–≤–∏–Ω–∞ 10–≥–æ –∫–ª–∞—Å—Å–∞,"–§–∏–∑–∏–∫–∞, –º–∞—Ç–µ–º–∞—Ç–∏–∫–∞"
220,20.01.2026 15:16:36,"–ë–î–£, –§–ü–ú–Ü",11.0,"–ú–∞—Ç–µ–º–∞—Ç–∏–∫–∞, –§–∏–∑–∏–∫–∞, –ë–µ–ª–∞—Ä—É—Å—Å–∫–∏–π",90+,–ü–µ—Ä–≤–∞—è –ø–æ–ª–æ–≤–∏–Ω–∞ 11–≥–æ –∫–ª–∞—Å—Å–∞,–í—Ç–æ—Ä–∞—è –ø–æ–ª–æ–≤–∏–Ω–∞ 11–≥–æ –∫–ª–∞—Å—Å–∞,–§—ñ–∑—ñ–∫–∞
221,20.01.2026 15:24:08,–°—à 31 –≥ –ì—Ä–æ–¥–Ω–æ,11.0,"–ú–∞—Ç–µ–º–∞—Ç–∏–∫–∞, –§–∏–∑–∏–∫–∞, –†—É—Å—Å–∫–∏–π",90+,–í—Ç–æ—Ä–∞—è –ø–æ–ª–æ–≤–∏–Ω–∞ 10–≥–æ –∫–ª–∞—Å—Å–∞,–í—Ç–æ—Ä–∞—è –ø–æ–ª–æ–≤–∏–Ω–∞ 10–≥–æ –∫–ª–∞—Å—Å–∞,–§–∏–∑–∏–∫–∞ –º–∞—Ç–µ–º–∞—Ç–∏–∫–∞ —Ä—É—Å—Å–∫–∏–π —è–∑—ã–∫ 
222,20.01.2026 15:26:14,–ì–∏–º–Ω–∞–∑–∏—è 39,11.0,"–ú–∞—Ç–µ–º–∞—Ç–∏–∫–∞, –§–∏–∑–∏–∫–∞, –†—É—Å—Å–∫–∏–π",90+,–ü–µ—Ä–≤–∞—è –ø–æ–ª–æ–≤–∏–Ω–∞ 10–≥–æ –∫–ª–∞—Å—Å–∞,–ü–µ—Ä–≤–∞—è –ø–æ–ª–æ–≤–∏–Ω–∞ 10–≥–æ –∫–ª–∞—Å—Å–∞,"–§–∏–∑–∏–∫–∞, –º–∞—Ç–µ–º–∞—Ç–∏–∫–∞, —Ä—É—Å—Å–∫–∏–π"
223,20.01.2026 15:28:20,–ì–∏–º–Ω–∞–∑–∏—è,11.0,"–ú–∞—Ç–µ–º–∞—Ç–∏–∫–∞, –§–∏–∑–∏–∫–∞, –ë–µ–ª–∞—Ä—É—Å—Å–∫–∏–π",90+,–ü–µ—Ä–≤–∞—è –ø–æ–ª–æ–≤–∏–Ω–∞ 11–≥–æ –∫–ª–∞—Å—Å–∞,–î—É–º–∞—é –∑–∞–ø–∏—Å–∞—Ç—å—Å—è –Ω–∞ –∏–Ω—Ç–µ–Ω—Å–∏–≤ –ø–µ—Ä–µ–¥ —ç–∫–∑–∞–º–∏ (—É –º–Ω–æ–≥–∏—Ö –∫—É—Ä—Å–æ–≤ –µ—Å—Ç—å –≤–æ–∑–º–æ–∂–Ω–æ—Å—Ç—å –∑–∞–ø–∏—Å–∞—Ç—å—Å—è –≤ –∫–æ–Ω—Ü–µ —Ç–∏–ø–∞ –≤–∑—è—Ç—å —Ç–æ–ª—å–∫–æ –≤–µ—Å–Ω—É –∏–ª–∏ —Ç–æ–ª—å–∫–æ –º–∞–π –∏–ª–∏ –≤–æ–æ–±—â–µ —Ç–æ–ª—å–∫–æ –ø–∞—Ä—É –Ω–µ–¥–µ–ª—å –¥–æ —ç–∫–∑–æ–≤),
224,20.01.2026 15:29:51,–õ—ñ—Ü—ç–π –ë–î–£ ,11.0,"–ú–∞—Ç–µ–º–∞—Ç–∏–∫–∞, –ë–µ–ª–∞—Ä—É—Å—Å–∫–∏–π",80-90,–Ø —Å—á–∏—Ç–∞—é —á—Ç–æ —Å–¥–∞–º —Å–≤–æ–∏–º–∏ —Å–∏–ª–∞–º–∏,,
225,20.01.2026 15:30:19,–ì—ñ–º–Ω–∞–∑—ñ—è #4,11.0,"–ú–∞—Ç–µ–º–∞—Ç–∏–∫–∞, –§–∏–∑–∏–∫–∞, –ë–µ–ª–∞—Ä—É—Å—Å–∫–∏–π",90+,–Ø —Å—á–∏—Ç–∞—é —á—Ç–æ —Å–¥–∞–º —Å–≤–æ–∏–º–∏ —Å–∏–ª–∞–º–∏,–î—É–º–∞—é –∑–∞–ø–∏—Å–∞—Ç—å—Å—è –Ω–∞ –∏–Ω—Ç–µ–Ω—Å–∏–≤ –ø–µ—Ä–µ–¥ —ç–∫–∑–∞–º–∏ (—É –º–Ω–æ–≥–∏—Ö –∫—É—Ä—Å–æ–≤ –µ—Å—Ç—å –≤–æ–∑–º–æ–∂–Ω–æ—Å—Ç—å –∑–∞–ø–∏—Å–∞—Ç—å—Å—è –≤ –∫–æ–Ω—Ü–µ —Ç–∏–ø–∞ –≤–∑—è—Ç—å —Ç–æ–ª—å–∫–æ –≤–µ—Å–Ω—É –∏–ª–∏ —Ç–æ–ª—å–∫–æ –º–∞–π –∏–ª–∏ –≤–æ–æ–±—â–µ —Ç–æ–ª—å–∫–æ –ø–∞—Ä—É –Ω–µ–¥–µ–ª—å –¥–æ —ç–∫–∑–æ–≤),
226,20.01.2026 15:31:24,"–ì–£–û ""–ì–∏–º–Ω–∞–∑–∏—è 2 –≥.–í–∏—Ç–µ–±—Å–∫–∞""",10.0,"–†—É—Å—Å–∫–∏–π, –û–±—â–µ—Å—Ç–≤–æ–≤–µ–¥–µ–Ω–∏–µ, –ò—Å—Ç–æ—Ä–∏—è",90+,–Ø —Å—á–∏—Ç–∞—é —á—Ç–æ —Å–¥–∞–º —Å–≤–æ–∏–º–∏ —Å–∏–ª–∞–º–∏,,
227,20.01.2026 15:34:01,–ë–ì–£ –§–ü–ú–ò,11.0,"–ú–∞—Ç–µ–º–∞—Ç–∏–∫–∞, –§–∏–∑–∏–∫–∞, –ë–µ–ª–∞—Ä—É—Å—Å–∫–∏–π",90+,–í—Ç–æ—Ä–∞—è –ø–æ–ª–æ–≤–∏–Ω–∞ 10–≥–æ –∫–ª–∞—Å—Å–∞,–ü–µ—Ä–≤–∞—è –ø–æ–ª–æ–≤–∏–Ω–∞ 11–≥–æ –∫–ª–∞—Å—Å–∞,"–º–∞—Ç–µ–º–∞—Ç–∏–∫–∞, —Ñ–∏–∑–∏–∫–∞ "
228,20.01.2026 15:37:22,–≥–∏–º–Ω–∞–∑–∏—è 20 –≥ –ú–∏–Ω—Å–∫,11.0,"–ú–∞—Ç–µ–º–∞—Ç–∏–∫–∞, –§–∏–∑–∏–∫–∞, –ë–µ–ª–∞—Ä—É—Å—Å–∫–∏–π",80-90,–ü–µ—Ä–≤–∞—è –ø–æ–ª–æ–≤–∏–Ω–∞ 10–≥–æ –∫–ª–∞—Å—Å–∞,–ü–µ—Ä–≤–∞—è –ø–æ–ª–æ–≤–∏–Ω–∞ 10–≥–æ –∫–ª–∞—Å—Å–∞,"–º–∞—Ç–µ–º–∞—Ç–∏–∫–∞, —Ñ–∏–∑–∏–∫–∞, –±–µ–ª —è–∑ "
229,20.01.2026 15:37:32,–Ω–µ—Å–≤–∏–∂—Å–∫–∞—è –≥–∏–º–Ω–∞–∑–∏—è ,10.0,"–ú–∞—Ç–µ–º–∞—Ç–∏–∫–∞, –§–∏–∑–∏–∫–∞, –†—É—Å—Å–∫–∏–π",90+,–ü–µ—Ä–≤–∞—è –ø–æ–ª–æ–≤–∏–Ω–∞ 10–≥–æ –∫–ª–∞—Å—Å–∞,–ü–µ—Ä–≤–∞—è –ø–æ–ª–æ–≤–∏–Ω–∞ 10–≥–æ –∫–ª–∞—Å—Å–∞,
230,20.01.2026 15:39:06,–ú–æ–≥–∏–ª—ë–≤—Å–∫–∏–π –≥–æ—Å—É–¥–∞—Ä—Å—Ç–≤–µ–Ω–Ω—ã–π –æ–±–ª–∞—Å—Ç–Ω–æ–π –ª–∏—Ü–µ–π –Ω–æ–º–µ—Ä 1,11.0,"–ú–∞—Ç–µ–º–∞—Ç–∏–∫–∞, –§–∏–∑–∏–∫–∞, –†—É—Å—Å–∫–∏–π",90+,–Ø —Å—á–∏—Ç–∞—é —á—Ç–æ —Å–¥–∞–º —Å–≤–æ–∏–º–∏ —Å–∏–ª–∞–º–∏,,
231,20.01.2026 15:41:01,–≥–∏–º–Ω–∞–∑–∏—è –≥ —Å–≤–µ—Ç–ª–æ–≥–æ—Ä—Å–∫–∞ ,11.0,"–ú–∞—Ç–µ–º–∞—Ç–∏–∫–∞, –§–∏–∑–∏–∫–∞, –†—É—Å—Å–∫–∏–π",90+,–í—Ç–æ—Ä–∞—è –ø–æ–ª–æ–≤–∏–Ω–∞ 10–≥–æ –∫–ª–∞—Å—Å–∞,–ü–µ—Ä–≤–∞—è –ø–æ–ª–æ–≤–∏–Ω–∞ 11–≥–æ –∫–ª–∞—Å—Å–∞,"—Ä—É—Å—Å–∫–∏–π, —Ñ–∏–∑–∏–∫–∞"
232,20.01.2026 15:41:28,–≤—É–∑,11.0,"–†—É—Å—Å–∫–∏–π, –ò–Ω–æ—Å—Ç—Ä–∞–Ω–Ω—ã–π —è–∑—ã–∫, –ò—Å—Ç–æ—Ä–∏—è",90+,–í—Ç–æ—Ä–∞—è –ø–æ–ª–æ–≤–∏–Ω–∞ 10–≥–æ –∫–ª–∞—Å—Å–∞,–í—Ç–æ—Ä–∞—è –ø–æ–ª–æ–≤–∏–Ω–∞ 10–≥–æ –∫–ª–∞—Å—Å–∞,"–∞–Ω–≥–ª —è–∑ , –æ—Å—Ç–∞–ª—å–Ω–æ–µ –∫—É—Ä—Å—ã"
233,20.01.2026 15:41:46,–≥–∏–º–∫–∞,11.0,"–ú–∞—Ç–µ–º–∞—Ç–∏–∫–∞, –§–∏–∑–∏–∫–∞, –†—É—Å—Å–∫–∏–π",90+,–ü–µ—Ä–≤–∞—è –ø–æ–ª–æ–≤–∏–Ω–∞ 11–≥–æ –∫–ª–∞—Å—Å–∞,–ü–µ—Ä–≤–∞—è –ø–æ–ª–æ–≤–∏–Ω–∞ 11–≥–æ –∫–ª–∞—Å—Å–∞,"–º–∞—Ç–µ–º, —Ñ–∏–∑–∏–∫–∞, —Ä—É—Å–∫—è–∑"
234,20.01.2026 15:41:52,–ì–æ–º–µ–ª—å,11.0,"–ú–∞—Ç–µ–º–∞—Ç–∏–∫–∞, –†—É—Å—Å–∫–∏–π, –ò–Ω–æ—Å—Ç—Ä–∞–Ω–Ω—ã–π —è–∑—ã–∫",90+,–ü–µ—Ä–≤–∞—è –ø–æ–ª–æ–≤–∏–Ω–∞ 10–≥–æ –∫–ª–∞—Å—Å–∞,–ü–µ—Ä–≤–∞—è –ø–æ–ª–æ–≤–∏–Ω–∞ 10–≥–æ –∫–ª–∞—Å—Å–∞,"–∞–Ω–≥–ª, –º–∞—Ç–µ–º (+ —Ñ–∞–∫—É–ª—å—Ç–∞—Ç–∏–≤ –≤ —à–∫ –ø–æ —Ä—É—Å —è–∑)"
235,20.01.2026 15:42:07,—é—Ñ–ø–º–∏ –±–≥—É,11.0,"–ú–∞—Ç–µ–º–∞—Ç–∏–∫–∞, –†—É—Å—Å–∫–∏–π",90+,–í—Ç–æ—Ä–∞—è –ø–æ–ª–æ–≤–∏–Ω–∞ 11–≥–æ –∫–ª–∞—Å—Å–∞,–í—Ç–æ—Ä–∞—è –ø–æ–ª–æ–≤–∏–Ω–∞ 11–≥–æ –∫–ª–∞—Å—Å–∞,–ø–æ —Ä—É—Å—Å–∫–æ–º—É
236,20.01.2026 15:42:19,–ë–ì–£ –§–ü–ú–ò,11.0,"–ú–∞—Ç–µ–º–∞—Ç–∏–∫–∞, –§–∏–∑–∏–∫–∞, –†—É—Å—Å–∫–∏–π",90+,–ü–µ—Ä–≤–∞—è –ø–æ–ª–æ–≤–∏–Ω–∞ 11–≥–æ –∫–ª–∞—Å—Å–∞,–í—Ç–æ—Ä–∞—è –ø–æ–ª–æ–≤–∏–Ω–∞ 11–≥–æ –∫–ª–∞—Å—Å–∞,"—Ä—É—Å—Å–∫–∏–π, —Ñ–∏–∑–∏–∫–∞"
237,20.01.2026 15:44:12,"–ì–£–û ""–°—Ä–µ–¥–Ω—è—è —à–∫–æ–ª–∞ ‚Ññ56 –≥.–ú–∏–Ω—Å–∫–∞ –∏–º–µ–Ω–∏ –í.–ò.–ò–≥–Ω–∞—Ç–µ–Ω–∫–æ""",11.0,"–ë–µ–ª–∞—Ä—É—Å—Å–∫–∏–π, –ò—Å—Ç–æ—Ä–∏—è",70-80,–Ø —Å—á–∏—Ç–∞—é —á—Ç–æ —Å–¥–∞–º —Å–≤–æ–∏–º–∏ —Å–∏–ª–∞–º–∏,,
238,20.01.2026 15:49:59,–≥–∏–º–Ω–∞–∑–∏—è –≤ –º–∏–Ω—Å–∫–µ,11.0,"–ú–∞—Ç–µ–º–∞—Ç–∏–∫–∞, –†—É—Å—Å–∫–∏–π, –ò–Ω–æ—Å—Ç—Ä–∞–Ω–Ω—ã–π —è–∑—ã–∫",80-90,–í—Ç–æ—Ä–∞—è –ø–æ–ª–æ–≤–∏–Ω–∞ 10–≥–æ –∫–ª–∞—Å—Å–∞,–ü–µ—Ä–≤–∞—è –ø–æ–ª–æ–≤–∏–Ω–∞ 11–≥–æ –∫–ª–∞—Å—Å–∞,"–º–∞—Ç–µ–º–∞—Ç–∏–∫–∞, –ø–æ—à–ª–∞ –Ω–∞ –∫—É—Ä—Å—ã. –≤ –æ—Å—Ç–∞–ª—å–Ω—ã—Ö –ø—Ä–µ–¥–º–µ—Ç–∞—Ö —á—É–≤—Å—Ç–≤—É—é —É–≤–µ—Ä–µ–Ω–Ω–æ—Å—Ç—å –ø—Ä–∏ —Å–∞–º–æ—Å—Ç–æ—è—Ç–µ–ª—å–Ω–æ–π –ø–æ–¥–≥–æ—Ç–æ–≤–∫–µ"
239,20.01.2026 15:58:32,–ì–£–û ¬´–ì–∏–º–Ω–∞–∑–∏—è ‚Ññ3 –≥. –°–æ–ª–∏–≥–æ—Ä—Å–∫–∞¬ª,11.0,"–†—É—Å—Å–∫–∏–π, –ò–Ω–æ—Å—Ç—Ä–∞–Ω–Ω—ã–π —è–∑—ã–∫, –û–±—â–µ—Å—Ç–≤–æ–≤–µ–¥–µ–Ω–∏–µ",90+,–ü–µ—Ä–≤–∞—è –ø–æ–ª–æ–≤–∏–Ω–∞ 10–≥–æ –∫–ª–∞—Å—Å–∞,–í—Ç–æ—Ä–∞—è –ø–æ–ª–æ–≤–∏–Ω–∞ 10–≥–æ –∫–ª–∞—Å—Å–∞,"–û–±—â–µ—Å—Ç–≤–æ, –∞–Ω–≥–ª–∏–π—Å–∫–∏–π"
240,20.01.2026 15:58:53,–ë–ì–£,11.0,"–ú–∞—Ç–µ–º–∞—Ç–∏–∫–∞, –§–∏–∑–∏–∫–∞, –†—É—Å—Å–∫–∏–π",80-90,–í—Ç–æ—Ä–∞—è –ø–æ–ª–æ–≤–∏–Ω–∞ 10–≥–æ –∫–ª–∞—Å—Å–∞,–ü–µ—Ä–≤–∞—è –ø–æ–ª–æ–≤–∏–Ω–∞ 11–≥–æ –∫–ª–∞—Å—Å–∞,"–ü–æ –≤—Å–µ–º, –∫–∞–∫–∏–µ —Å–æ–±–∏—Ä–∞–ª—Å—è —Å–¥–∞–≤–∞—Ç—å"
241,20.01.2026 16:02:45,–ë–ì–£ –§–ü–ú–ò,11.0,"–ú–∞—Ç–µ–º–∞—Ç–∏–∫–∞, –§–∏–∑–∏–∫–∞, –†—É—Å—Å–∫–∏–π",90+,–ü–µ—Ä–≤–∞—è –ø–æ–ª–æ–≤–∏–Ω–∞ 11–≥–æ –∫–ª–∞—Å—Å–∞,–í—Ç–æ—Ä–∞—è –ø–æ–ª–æ–≤–∏–Ω–∞ 11–≥–æ –∫–ª–∞—Å—Å–∞,"—Ñ–∏–∑–∏–∫–∞, —Ä—É—Å—Å–∫–∏–π"
242,20.01.2026 16:03:41,–ì–∏–º–Ω–∞–∑–∏—è 27 –≥. –ú–∏–Ω—Å–∫–∞ ,11.0,"–ú–∞—Ç–µ–º–∞—Ç–∏–∫–∞, –†—É—Å—Å–∫–∏–π, –ò–Ω–æ—Å—Ç—Ä–∞–Ω–Ω—ã–π —è–∑—ã–∫",80-90,–ü–µ—Ä–≤–∞—è –ø–æ–ª–æ–≤–∏–Ω–∞ 11–≥–æ –∫–ª–∞—Å—Å–∞,–ü–µ—Ä–≤–∞—è –ø–æ–ª–æ–≤–∏–Ω–∞ 11–≥–æ –∫–ª–∞—Å—Å–∞,"–ü–æ –º–∞—Ç–µ–º–∞—Ç–∏–∫–µ –∏ –∞–Ω–≥–ª–∏–π—Å–∫–æ–º—É –ª–∏—á–Ω—ã–π —Ä–µ–ø–µ—Ç, –ø–æ —Ä—É—Å—Å–∫–æ–º—É –∫—É—Ä—Å—ã "
243,20.01.2026 16:03:43,–®–∫–æ–ª–∞ 162 –º–∏–Ω—Å–∫,11.0,"–ú–∞—Ç–µ–º–∞—Ç–∏–∫–∞, –§–∏–∑–∏–∫–∞, –†—É—Å—Å–∫–∏–π",80-90,–ü–µ—Ä–≤–∞—è –ø–æ–ª–æ–≤–∏–Ω–∞ 10–≥–æ –∫–ª–∞—Å—Å–∞,–ü–µ—Ä–≤–∞—è –ø–æ–ª–æ–≤–∏–Ω–∞ 10–≥–æ –∫–ª–∞—Å—Å–∞,–í—Å–µ
244,20.01.2026 16:04:07,–ì–∏–º–Ω–∞–∑–∏—è 27 –≥. –ú–∏–Ω—Å–∫–∞,11.0,"–ú–∞—Ç–µ–º–∞—Ç–∏–∫–∞, –§–∏–∑–∏–∫–∞, –†—É—Å—Å–∫–∏–π",90+,–í—Ç–æ—Ä–∞—è –ø–æ–ª–æ–≤–∏–Ω–∞ 10–≥–æ –∫–ª–∞—Å—Å–∞,–ü–µ—Ä–≤–∞—è –ø–æ–ª–æ–≤–∏–Ω–∞ 11–≥–æ –∫–ª–∞—Å—Å–∞,"–§–∏–∑–∏–∫–∞, –æ—Å—Ç–∞–ª—å–Ω–æ–µ –ø–ª–∞–Ω–∏—Ä–æ–≤–∞–ª–∞ —Å–≤–æ–∏–º–∏ —Å–∏–ª–∞–º–∏ –∏ –±—É–¥—É —Å–¥–∞–≤–∞—Ç—å —Å–∞–º–∞"
245,20.01.2026 16:04:14,—Ñ–ø–º–∏,11.0,"–ú–∞—Ç–µ–º–∞—Ç–∏–∫–∞, –†—É—Å—Å–∫–∏–π, –ò–Ω–æ—Å—Ç—Ä–∞–Ω–Ω—ã–π —è–∑—ã–∫",90+,–í—Ç–æ—Ä–∞—è –ø–æ–ª–æ–≤–∏–Ω–∞ 10–≥–æ –∫–ª–∞—Å—Å–∞,–ü–µ—Ä–≤–∞—è –ø–æ–ª–æ–≤–∏–Ω–∞ 11–≥–æ –∫–ª–∞—Å—Å–∞,–ú–∞—Ç–µ–º–∞—Ç–∏–∫–∞
246,20.01.2026 16:04:35,–£—á–∏–ª–∞—Å—å –≤ –≥–∏–º–Ω–∞–∑–∏–∏ 56 –≥. –ú–∏–Ω—Å–∫–∞,11.0,"–ú–∞—Ç–µ–º–∞—Ç–∏–∫–∞, –§–∏–∑–∏–∫–∞, –†—É—Å—Å–∫–∏–π",70-80,–ü–µ—Ä–≤–∞—è –ø–æ–ª–æ–≤–∏–Ω–∞ 10–≥–æ –∫–ª–∞—Å—Å–∞,–ü–µ—Ä–≤–∞—è –ø–æ–ª–æ–≤–∏–Ω–∞ 10–≥–æ –∫–ª–∞—Å—Å–∞,"–§–∏–∑–∏–∫–∞ 10 –∫–ª–∞—Å—Å, —Ä—É—Å—Å–∫–∏–π 11 –∫–ª–∞—Å—Å"
247,20.01.2026 16:06:10,–±–≥—É,11.0,"–†—É—Å—Å–∫–∏–π, –ò–Ω–æ—Å—Ç—Ä–∞–Ω–Ω—ã–π —è–∑—ã–∫, –ò—Å—Ç–æ—Ä–∏—è",90+,–Ø —Å—á–∏—Ç–∞—é —á—Ç–æ —Å–¥–∞–º —Å–≤–æ–∏–º–∏ —Å–∏–ª–∞–º–∏,,-
248,20.01.2026 16:06:17,–ì–∏–º–Ω–∞–∑–∏—è 7,11.0,"–ú–∞—Ç–µ–º–∞—Ç–∏–∫–∞, –§–∏–∑–∏–∫–∞, –†—É—Å—Å–∫–∏–π",90+,–ü–µ—Ä–≤–∞—è –ø–æ–ª–æ–≤–∏–Ω–∞ 10–≥–æ –∫–ª–∞—Å—Å–∞,–ü–µ—Ä–≤–∞—è –ø–æ–ª–æ–≤–∏–Ω–∞ 10–≥–æ –∫–ª–∞—Å—Å–∞,–í—Å–µ 3
249,20.01.2026 16:06:44,–±–≥—É,11.0,"–ú–∞—Ç–µ–º–∞—Ç–∏–∫–∞, –§–∏–∑–∏–∫–∞, –†—É—Å—Å–∫–∏–π",90+,–ü–µ—Ä–≤–∞—è –ø–æ–ª–æ–≤–∏–Ω–∞ 11–≥–æ –∫–ª–∞—Å—Å–∞,–ü–µ—Ä–≤–∞—è –ø–æ–ª–æ–≤–∏–Ω–∞ 11–≥–æ –∫–ª–∞—Å—Å–∞,—Ñ–∏–∑–∏–∫–∞
250,20.01.2026 16:06:46,–®–∫–æ–ª–∞,10.0,"–ú–∞—Ç–µ–º–∞—Ç–∏–∫–∞, –§–∏–∑–∏–∫–∞, –†—É—Å—Å–∫–∏–π",70-80,–Ø —Å—á–∏—Ç–∞—é —á—Ç–æ —Å–¥–∞–º —Å–≤–æ–∏–º–∏ —Å–∏–ª–∞–º–∏,–î—É–º–∞—é –∑–∞–ø–∏—Å–∞—Ç—å—Å—è –Ω–∞ –∏–Ω—Ç–µ–Ω—Å–∏–≤ –ø–µ—Ä–µ–¥ —ç–∫–∑–∞–º–∏ (—É –º–Ω–æ–≥–∏—Ö –∫—É—Ä—Å–æ–≤ –µ—Å—Ç—å –≤–æ–∑–º–æ–∂–Ω–æ—Å—Ç—å –∑–∞–ø–∏—Å–∞—Ç—å—Å—è –≤ –∫–æ–Ω—Ü–µ —Ç–∏–ø–∞ –≤–∑—è—Ç—å —Ç–æ–ª—å–∫–æ –≤–µ—Å–Ω—É –∏–ª–∏ —Ç–æ–ª—å–∫–æ –º–∞–π –∏–ª–∏ –≤–æ–æ–±—â–µ —Ç–æ–ª—å–∫–æ –ø–∞—Ä—É –Ω–µ–¥–µ–ª—å –¥–æ —ç–∫–∑–æ–≤),
251,20.01.2026 16:10:53,–ë–≥—É,11.0,"–ú–∞—Ç–µ–º–∞—Ç–∏–∫–∞, –§–∏–∑–∏–∫–∞, –†—É—Å—Å–∫–∏–π",90+,–í—Ç–æ—Ä–∞—è –ø–æ–ª–æ–≤–∏–Ω–∞ 10–≥–æ –∫–ª–∞—Å—Å–∞,–í—Ç–æ—Ä–∞—è –ø–æ–ª–æ–≤–∏–Ω–∞ 10–≥–æ –∫–ª–∞—Å—Å–∞,–í—Å–µ–º —á—Ç–æ —Å–¥–∞—é 
252,20.01.2026 16:10:59,–°–® ‚Ññ5 –≥. –í–∏–ª–µ–π–∫–∏,11.0,"–ë–µ–ª–∞—Ä—É—Å—Å–∫–∏–π, –ò—Å—Ç–æ—Ä–∏—è",80-90,–ü–µ—Ä–≤–∞—è –ø–æ–ª–æ–≤–∏–Ω–∞ 10–≥–æ –∫–ª–∞—Å—Å–∞,–í—Ç–æ—Ä–∞—è –ø–æ–ª–æ–≤–∏–Ω–∞ 11–≥–æ –∫–ª–∞—Å—Å–∞,–ò—Å—Ç–æ—Ä–∏—è
253,20.01.2026 16:12:14,–°—Ä–µ–¥–Ω—è—è —à–∫–æ–ª–∞ ‚Ññ165,11.0,"–ú–∞—Ç–µ–º–∞—Ç–∏–∫–∞, –§–∏–∑–∏–∫–∞, –†—É—Å—Å–∫–∏–π",90+,–ü–µ—Ä–≤–∞—è –ø–æ–ª–æ–≤–∏–Ω–∞ 11–≥–æ –∫–ª–∞—Å—Å–∞,–ü–µ—Ä–≤–∞—è –ø–æ–ª–æ–≤–∏–Ω–∞ 11–≥–æ –∫–ª–∞—Å—Å–∞,"–§–∏–∑–∏–∫–∞, —Ä—É—Å—Å–∫–∏–π —è–∑—ã–∫ "
254,20.01.2026 16:13:01,–ì–∏–º–Ω–∞–∑–∏—è ,11.0,"–†—É—Å—Å–∫–∏–π, –û–±—â–µ—Å—Ç–≤–æ–≤–µ–¥–µ–Ω–∏–µ, –ò—Å—Ç–æ—Ä–∏—è",70-80,–ü–µ—Ä–≤–∞—è –ø–æ–ª–æ–≤–∏–Ω–∞ 10–≥–æ –∫–ª–∞—Å—Å–∞,–í—Ç–æ—Ä–∞—è –ø–æ–ª–æ–≤–∏–Ω–∞ 10–≥–æ –∫–ª–∞—Å—Å–∞,"–ò—Å—Ç–æ—Ä–∏—è, —Ä—É—Å—Å–∫–∏–π "
255,20.01.2026 16:13:07,–≤ —à–∫–æ–ª–µ,11.0,"–û–±—â–µ—Å—Ç–≤–æ–≤–µ–¥–µ–Ω–∏–µ, –ò—Å—Ç–æ—Ä–∏—è",90+,–í—Ç–æ—Ä–∞—è –ø–æ–ª–æ–≤–∏–Ω–∞ 10–≥–æ –∫–ª–∞—Å—Å–∞,–ü–µ—Ä–≤–∞—è –ø–æ–ª–æ–≤–∏–Ω–∞ 11–≥–æ –∫–ª–∞—Å—Å–∞,–ø–æ –≤—Å–µ–º
256,20.01.2026 16:13:26,–ì–∏–º–Ω–∞–∑–∏—è 4,11.0,"–ú–∞—Ç–µ–º–∞—Ç–∏–∫–∞, –§–∏–∑–∏–∫–∞, –ë–µ–ª–∞—Ä—É—Å—Å–∫–∏–π",90+,–Ø —Å—á–∏—Ç–∞—é —á—Ç–æ —Å–¥–∞–º —Å–≤–æ–∏–º–∏ —Å–∏–ª–∞–º–∏,,
257,20.01.2026 16:13:27,–ë–ì–£,11.0,"–†—É—Å—Å–∫–∏–π, –ò—Å—Ç–æ—Ä–∏—è",70-80,–ü–µ—Ä–≤–∞—è –ø–æ–ª–æ–≤–∏–Ω–∞ 11–≥–æ –∫–ª–∞—Å—Å–∞,–í—Ç–æ—Ä–∞—è –ø–æ–ª–æ–≤–∏–Ω–∞ 11–≥–æ –∫–ª–∞—Å—Å–∞,–ò—Å—Ç–æ—Ä–∏—è 
258,20.01.2026 16:13:48,–°—Ä–µ–¥–Ω—è—è —à–∫–æ–ª–∞ (–ú–∏–Ω—Å–∫),11.0,"–ú–∞—Ç–µ–º–∞—Ç–∏–∫–∞, –ë–µ–ª–∞—Ä—É—Å—Å–∫–∏–π, –•–∏–º–∏—è",90+,–Ø —Å—á–∏—Ç–∞—é —á—Ç–æ —Å–¥–∞–º —Å–≤–æ–∏–º–∏ —Å–∏–ª–∞–º–∏,,
259,20.01.2026 16:14:28,–ì–∏–º–Ω–∞–∑–∏—è ,11.0,"–ú–∞—Ç–µ–º–∞—Ç–∏–∫–∞, –†—É—Å—Å–∫–∏–π, –ò–Ω–æ—Å—Ç—Ä–∞–Ω–Ω—ã–π —è–∑—ã–∫",80-90,–ü–µ—Ä–≤–∞—è –ø–æ–ª–æ–≤–∏–Ω–∞ 11–≥–æ –∫–ª–∞—Å—Å–∞,–ü–µ—Ä–≤–∞—è –ø–æ–ª–æ–≤–∏–Ω–∞ 11–≥–æ –∫–ª–∞—Å—Å–∞,"–ú–∞—Ç–µ–º, —Ä—É—Å—Å–∫–∏–π, –∞–Ω–≥–ª"
260,20.01.2026 16:18:48,29 –ë—Ä–µ—Å—Ç ,11.0,"–ú–∞—Ç–µ–º–∞—Ç–∏–∫–∞, –§–∏–∑–∏–∫–∞, –ë–µ–ª–∞—Ä—É—Å—Å–∫–∏–π",80-90,–ü–µ—Ä–≤–∞—è –ø–æ–ª–æ–≤–∏–Ω–∞ 10–≥–æ –∫–ª–∞—Å—Å–∞,–ü–µ—Ä–≤–∞—è –ø–æ–ª–æ–≤–∏–Ω–∞ 10–≥–æ –∫–ª–∞—Å—Å–∞,"–ü–æ –≤—Å–µ–º , —á—Ç–æ —Å–¥–∞—é "
261,20.01.2026 16:19:34,–ë–î–£,11.0,"–ë–µ–ª–∞—Ä—É—Å—Å–∫–∏–π, –ò—Å—Ç–æ—Ä–∏—è",90+,–Ø —Å—á–∏—Ç–∞—é —á—Ç–æ —Å–¥–∞–º —Å–≤–æ–∏–º–∏ —Å–∏–ª–∞–º–∏,,–ë–µ–∑ –∞–Ω—ñ—è–∫—ñ—Ö
262,20.01.2026 16:21:58,–ë–î–£,11.0,"–ë–µ–ª–∞—Ä—É—Å—Å–∫–∏–π, –û–±—â–µ—Å—Ç–≤–æ–≤–µ–¥–µ–Ω–∏–µ, –ò—Å—Ç–æ—Ä–∏—è",90+,–Ø —Å—á–∏—Ç–∞—é —á—Ç–æ —Å–¥–∞–º —Å–≤–æ–∏–º–∏ —Å–∏–ª–∞–º–∏,,‚Äì
263,20.01.2026 16:22:20,–®–∫–æ–ª–∞,11.0,"–†—É—Å—Å–∫–∏–π, –ò–Ω–æ—Å—Ç—Ä–∞–Ω–Ω—ã–π —è–∑—ã–∫, –û–±—â–µ—Å—Ç–≤–æ–≤–µ–¥–µ–Ω–∏–µ",80-90,–ü–µ—Ä–≤–∞—è –ø–æ–ª–æ–≤–∏–Ω–∞ 10–≥–æ –∫–ª–∞—Å—Å–∞,–í—Ç–æ—Ä–∞—è –ø–æ–ª–æ–≤–∏–Ω–∞ 10–≥–æ –∫–ª–∞—Å—Å–∞,–ü–æ –≤—Å–µ–º
264,20.01.2026 16:23:40,–ú–∏–Ω—Å–∫,11.0,"–ú–∞—Ç–µ–º–∞—Ç–∏–∫–∞, –†—É—Å—Å–∫–∏–π, –ò–Ω–æ—Å—Ç—Ä–∞–Ω–Ω—ã–π —è–∑—ã–∫",80-90,–í—Ç–æ—Ä–∞—è –ø–æ–ª–æ–≤–∏–Ω–∞ 10–≥–æ –∫–ª–∞—Å—Å–∞,–ü–µ—Ä–≤–∞—è –ø–æ–ª–æ–≤–∏–Ω–∞ 11–≥–æ –∫–ª–∞—Å—Å–∞,–ü–æ –¥–≤—É–º
265,20.01.2026 16:25:02,–±–≥—É,11.0,"–†—É—Å—Å–∫–∏–π, –ò–Ω–æ—Å—Ç—Ä–∞–Ω–Ω—ã–π —è–∑—ã–∫, –ò—Å—Ç–æ—Ä–∏—è",90+,–í—Ç–æ—Ä–∞—è –ø–æ–ª–æ–≤–∏–Ω–∞ 10–≥–æ –∫–ª–∞—Å—Å–∞,–ü–µ—Ä–≤–∞—è –ø–æ–ª–æ–≤–∏–Ω–∞ 11–≥–æ –∫–ª–∞—Å—Å–∞,—Å–µ–Ω—Ç—è–±—Ä—å 11 –∫–ª–∞—Å—Å–∞ –∞–Ω–≥–ª. –∏—Å—Ç–æ—Ä–∏—è –≤—Ç–æ—Ä–æ–µ –ø–æ–ª—É–≥–æ–¥–∏–µ –æ–Ω–ª–∞–π–Ω –∫—É—Ä—Å. —Ä—É—Å—Å–∫–∏–º –≤—Å–µ–≥–¥–∞ –ø–µ—Ä–∏–æ–¥–∏—á–µ—Å–∫–∏ –∑–∞–Ω–∏–º–∞–ª–∞—Å—å 
266,20.01.2026 16:32:22,–ë–≥—É —Ñ–ø–º–∏,11.0,"–ú–∞—Ç–µ–º–∞—Ç–∏–∫–∞, –§–∏–∑–∏–∫–∞, –ë–µ–ª–∞—Ä—É—Å—Å–∫–∏–π",90+,–ü–µ—Ä–≤–∞—è –ø–æ–ª–æ–≤–∏–Ω–∞ 11–≥–æ –∫–ª–∞—Å—Å–∞,–ü–µ—Ä–≤–∞—è –ø–æ–ª–æ–≤–∏–Ω–∞ 11–≥–æ –∫–ª–∞—Å—Å–∞,"–ë–µ–ª–æ—Ä—É—Å—Å–∫–∏–π –≤–æ –≤—Ç–æ—Ä–æ–π –ø–æ–ª–æ–≤–∏–Ω–µ 11 –∫–ª–∞—Å—Å–∞ –∏ —Ñ–∏–∑–∏–∫–∞ –≤ –ø–µ—Ä–≤–æ–π –ø–æ–ª–æ–≤–∏–Ω–µ 11 –∫–ª–∞—Å—Å–∞, –≤—Å–µ —Å–¥–∞–ª–∞ 98+. –ù–∏–∫–∞–∫–∏–µ –∫—É—Ä—Å—ã —è –Ω–µ –ø–æ—Å–µ—â–∞–ª–∞"
267,20.01.2026 16:41:26,–õ–∏—Ü–µ–π –ë–ì–£,10.0,"–ú–∞—Ç–µ–º–∞—Ç–∏–∫–∞, –•–∏–º–∏—è",80-90,–Ø —Å—á–∏—Ç–∞—é —á—Ç–æ —Å–¥–∞–º —Å–≤–æ–∏–º–∏ —Å–∏–ª–∞–º–∏,,"–ù–∏ –ø–æ –∫–∞–∫–∏–º, –º–∞—Ç–µ–º–∞—Ç–∏–∫—É –ø–ª–∞–Ω–∏—Ä—É—é —Å–¥–∞—Ç—å —Å–æ–±—Å—Ç–≤–µ–Ω–Ω—ã–º–∏ —Å–∏–ª–∞–º–∏, —Ö–∏–º–∏—é —á–µ—Ä–µ–∑ –æ–ª–∏–º–ø–∏–∞–¥—ã –∞–≤—Ç–æ–º–∞—Ç "
268,20.01.2026 16:45:18,—à–∫–æ–ª–∞,11.0,"–†—É—Å—Å–∫–∏–π, –ò—Å—Ç–æ—Ä–∏—è",90+,–Ø —Å—á–∏—Ç–∞—é —á—Ç–æ —Å–¥–∞–º —Å–≤–æ–∏–º–∏ —Å–∏–ª–∞–º–∏,,
269,20.01.2026 16:51:59,–õ–∏—Ü–µ–π –Ω–æ–º–µ—Ä 1 –∏–º. –ê. –°. –ü—É—à–∫–∏–Ω–∞ –≥. –ë—Ä–µ—Å—Ç–∞,11.0,"–ú–∞—Ç–µ–º–∞—Ç–∏–∫–∞, –§–∏–∑–∏–∫–∞",90+,–Ø —Å—á–∏—Ç–∞—é —á—Ç–æ —Å–¥–∞–º —Å–≤–æ–∏–º–∏ —Å–∏–ª–∞–º–∏,,
270,20.01.2026 16:53:06,–õ–∏—Ü–µ–π –Ω–æ–º–µ—Ä 1 –∏–º–µ–Ω–∏ –ê. –°. –ü—É—à–∫–∏–Ω–∞ –≥. –ë—Ä–µ—Å—Ç–∞,11.0,"–ú–∞—Ç–µ–º–∞—Ç–∏–∫–∞, –§–∏–∑–∏–∫–∞, –ë–µ–ª–∞—Ä—É—Å—Å–∫–∏–π",90+,–Ø —Å—á–∏—Ç–∞—é —á—Ç–æ —Å–¥–∞–º —Å–≤–æ–∏–º–∏ —Å–∏–ª–∞–º–∏,,
271,20.01.2026 16:55:34,–ë–ì–£,11.0,"–†—É—Å—Å–∫–∏–π, –û–±—â–µ—Å—Ç–≤–æ–≤–µ–¥–µ–Ω–∏–µ, –ò—Å—Ç–æ—Ä–∏—è",90+,–ü–µ—Ä–≤–∞—è –ø–æ–ª–æ–≤–∏–Ω–∞ 10–≥–æ –∫–ª–∞—Å—Å–∞,–í—Ç–æ—Ä–∞—è –ø–æ–ª–æ–≤–∏–Ω–∞ 10–≥–æ –∫–ª–∞—Å—Å–∞,–†—É—Å—Å–∫–∏–π
272,20.01.2026 17:05:33,–ì–∏–º–Ω–∞–∑–∏—è 7,11.0,"–†—É—Å—Å–∫–∏–π, –ò–Ω–æ—Å—Ç—Ä–∞–Ω–Ω—ã–π —è–∑—ã–∫, –ò—Å—Ç–æ—Ä–∏—è",90+,–Ø —Å—á–∏—Ç–∞—é —á—Ç–æ —Å–¥–∞–º —Å–≤–æ–∏–º–∏ —Å–∏–ª–∞–º–∏,–î—É–º–∞—é –∑–∞–ø–∏—Å–∞—Ç—å—Å—è –Ω–∞ –∏–Ω—Ç–µ–Ω—Å–∏–≤ –ø–µ—Ä–µ–¥ —ç–∫–∑–∞–º–∏ (—É –º–Ω–æ–≥–∏—Ö –∫—É—Ä—Å–æ–≤ –µ—Å—Ç—å –≤–æ–∑–º–æ–∂–Ω–æ—Å—Ç—å –∑–∞–ø–∏—Å–∞—Ç—å—Å—è –≤ –∫–æ–Ω—Ü–µ —Ç–∏–ø–∞ –≤–∑—è—Ç—å —Ç–æ–ª—å–∫–æ –≤–µ—Å–Ω—É –∏–ª–∏ —Ç–æ–ª—å–∫–æ –º–∞–π –∏–ª–∏ –≤–æ–æ–±—â–µ —Ç–æ–ª—å–∫–æ –ø–∞—Ä—É –Ω–µ–¥–µ–ª—å –¥–æ —ç–∫–∑–æ–≤),"–†—É—Å—Å–∫–∏–π 7 –¥–Ω–µ–π –∏–Ω—Ç–µ–Ω—Å–∏–≤, –∏—Å—Ç–æ—Ä–∏—è 2 –¥–Ω—è –∏–Ω—Ç–µ–Ω—Å–∏–≤"
273,20.01.2026 17:13:07,"–°–® 217, –ú—ñ–Ω—Å–∫",11.0,"–ú–∞—Ç–µ–º–∞—Ç–∏–∫–∞, –§–∏–∑–∏–∫–∞, –ë–µ–ª–∞—Ä—É—Å—Å–∫–∏–π",90+,–ü–µ—Ä–≤–∞—è –ø–æ–ª–æ–≤–∏–Ω–∞ 10–≥–æ –∫–ª–∞—Å—Å–∞,–ü–µ—Ä–≤–∞—è –ø–æ–ª–æ–≤–∏–Ω–∞ 10–≥–æ –∫–ª–∞—Å—Å–∞,–ú–∞—Ç –§—ñ–∑ –ë–µ–ª
274,20.01.2026 17:15:17,–ë—Ä–µ—Å—Ç —Å—Ä–µ–¥–Ω—è—è —à–∫–æ–ª–∞ 16,11.0,"–ú–∞—Ç–µ–º–∞—Ç–∏–∫–∞, –§–∏–∑–∏–∫–∞, –†—É—Å—Å–∫–∏–π",90+,–í—Ç–æ—Ä–∞—è –ø–æ–ª–æ–≤–∏–Ω–∞ 10–≥–æ –∫–ª–∞—Å—Å–∞,–ü–µ—Ä–≤–∞—è –ø–æ–ª–æ–≤–∏–Ω–∞ 11–≥–æ –∫–ª–∞—Å—Å–∞,"–ú–∞—Ç–µ–º–∞—Ç–∏–∫–∞, —Ñ–∏–∑–∏–∫–∞, —Ä—É—Å—Å–∫–∏–π"
275,20.01.2026 17:17:58,–ë–≥—É ,11.0,"–†—É—Å—Å–∫–∏–π, –ë–∏–æ–ª–æ–≥–∏—è, –•–∏–º–∏—è",80-90,–ü–µ—Ä–≤–∞—è –ø–æ–ª–æ–≤–∏–Ω–∞ 10–≥–æ –∫–ª–∞—Å—Å–∞,–ü–µ—Ä–≤–∞—è –ø–æ–ª–æ–≤–∏–Ω–∞ 10–≥–æ –∫–ª–∞—Å—Å–∞,–í—Å–µ
276,20.01.2026 17:18:55,41 –≥–∏–º–Ω–∞–∑–∏—è,11.0,"–†—É—Å—Å–∫–∏–π, –ò–Ω–æ—Å—Ç—Ä–∞–Ω–Ω—ã–π —è–∑—ã–∫, –û–±—â–µ—Å—Ç–≤–æ–≤–µ–¥–µ–Ω–∏–µ",70-80,–í—Ç–æ—Ä–∞—è –ø–æ–ª–æ–≤–∏–Ω–∞ 10–≥–æ –∫–ª–∞—Å—Å–∞,–ü–µ—Ä–≤–∞—è –ø–æ–ª–æ–≤–∏–Ω–∞ 11–≥–æ –∫–ª–∞—Å—Å–∞,–≤—Å–µ–º
277,20.01.2026 17:40:17,–ë–ì–£,11.0,"–†—É—Å—Å–∫–∏–π, –ò–Ω–æ—Å—Ç—Ä–∞–Ω–Ω—ã–π —è–∑—ã–∫, –ò—Å—Ç–æ—Ä–∏—è",80-90,–Ø —Å—á–∏—Ç–∞—é —á—Ç–æ —Å–¥–∞–º —Å–≤–æ–∏–º–∏ —Å–∏–ª–∞–º–∏,–î—É–º–∞—é –∑–∞–ø–∏—Å–∞—Ç—å—Å—è –Ω–∞ –∏–Ω—Ç–µ–Ω—Å–∏–≤ –ø–µ—Ä–µ–¥ —ç–∫–∑–∞–º–∏ (—É –º–Ω–æ–≥–∏—Ö –∫—É—Ä—Å–æ–≤ –µ—Å—Ç—å –≤–æ–∑–º–æ–∂–Ω–æ—Å—Ç—å –∑–∞–ø–∏—Å–∞—Ç—å—Å—è –≤ –∫–æ–Ω—Ü–µ —Ç–∏–ø–∞ –≤–∑—è—Ç—å —Ç–æ–ª—å–∫–æ –≤–µ—Å–Ω—É –∏–ª–∏ —Ç–æ–ª—å–∫–æ –º–∞–π –∏–ª–∏ –≤–æ–æ–±—â–µ —Ç–æ–ª—å–∫–æ –ø–∞—Ä—É –Ω–µ–¥–µ–ª—å –¥–æ —ç–∫–∑–æ–≤),"–Ω–µ –±—Ä–∞–ª–∞ —Ä–µ–ø–µ—Ç–∞ –∏ –Ω–µ –∑–∞–ø–∏—Å—ã–≤–∞–ª–∞—Å—å –Ω–∞ –∫—É—Ä—Å—ã, –Ω–æ —Ç–∞–∫–æ–≥–æ –≤–∞—Ä–∏–∞–Ω—Ç–∞ –ø–æ—á–µ–º—É-—Ç–æ –Ω–µ—Ç –≤ –ø—Ä–µ–¥—ã–¥—É—â–µ–º –≤–æ–ø—Ä–æ—Å–µ"
278,20.01.2026 17:46:28,–®–∫–æ–ª–∞,11.0,"–†—É—Å—Å–∫–∏–π, –ò—Å—Ç–æ—Ä–∏—è",70-80,–í—Ç–æ—Ä–∞—è –ø–æ–ª–æ–≤–∏–Ω–∞ 10–≥–æ –∫–ª–∞—Å—Å–∞,–í—Ç–æ—Ä–∞—è –ø–æ–ª–æ–≤–∏–Ω–∞ 11–≥–æ –∫–ª–∞—Å—Å–∞,
279,20.01.2026 17:53:32,-,11.0,"–ë–µ–ª–∞—Ä—É—Å—Å–∫–∏–π, –ò—Å—Ç–æ—Ä–∏—è",70-80,–ü–µ—Ä–≤–∞—è –ø–æ–ª–æ–≤–∏–Ω–∞ 11–≥–æ –∫–ª–∞—Å—Å–∞,–ü–µ—Ä–≤–∞—è –ø–æ–ª–æ–≤–∏–Ω–∞ 11–≥–æ –∫–ª–∞—Å—Å–∞,–ò—Å—Ç–æ—Ä–∏—è –ë–µ–ª–∞—Ä—É—Å–∏
280,20.01.2026 17:58:19,62 —à–∫–æ–ª–∞ –≥.–ú–∏–Ω—Å–∫–∞,11.0,"–†—É—Å—Å–∫–∏–π, –û–±—â–µ—Å—Ç–≤–æ–≤–µ–¥–µ–Ω–∏–µ, –ò—Å—Ç–æ—Ä–∏—è",80-90,–ü–µ—Ä–≤–∞—è –ø–æ–ª–æ–≤–∏–Ω–∞ 10–≥–æ –∫–ª–∞—Å—Å–∞,–ü–µ—Ä–≤–∞—è –ø–æ–ª–æ–≤–∏–Ω–∞ 11–≥–æ –∫–ª–∞—Å—Å–∞,"–†—É—Å—Å–∫–∏–π, –∏—Å—Ç–æ—Ä–∏—è, –æ–±—â–µ—Å—Ç–≤–æ + –ø/–æ –Ω–∞ —Ç–≤–æ—Ä—á–µ—Å–∫–∏–π —ç–∫–∑–∞–º–µ–Ω"
281,20.01.2026 18:14:00,–±–≥—É,11.0,"–ë–µ–ª–∞—Ä—É—Å—Å–∫–∏–π, –ò–Ω–æ—Å—Ç—Ä–∞–Ω–Ω—ã–π —è–∑—ã–∫, –ò—Å—Ç–æ—Ä–∏—è",80-90,–í—Ç–æ—Ä–∞—è –ø–æ–ª–æ–≤–∏–Ω–∞ 10–≥–æ –∫–ª–∞—Å—Å–∞,–í—Ç–æ—Ä–∞—è –ø–æ–ª–æ–≤–∏–Ω–∞ 11–≥–æ –∫–ª–∞—Å—Å–∞,
282,20.01.2026 18:15:08,–ì–£–û –°–® 29 –≥. –ë—Ä–µ—Å—Ç–∞,11.0,"–ú–∞—Ç–µ–º–∞—Ç–∏–∫–∞, –§–∏–∑–∏–∫–∞, –†—É—Å—Å–∫–∏–π",90+,–ü–µ—Ä–≤–∞—è –ø–æ–ª–æ–≤–∏–Ω–∞ 11–≥–æ –∫–ª–∞—Å—Å–∞,–ü–µ—Ä–≤–∞—è –ø–æ–ª–æ–≤–∏–Ω–∞ 11–≥–æ –∫–ª–∞—Å—Å–∞,—Ñ–∏–∑–∏–∫–∞ —Å 9 –∫–ª–∞—Å—Å–∞ –≤—Å–µ –æ—Å—Ç–∞–ª—å–Ω–æ–µ —Å –ª–µ—Ç–∞-–Ω–∞—á–∞–ª–∞ 11 –∫–ª–∞—Å—Å–∞
283,20.01.2026 18:33:07,–®–∫–æ–ª–∞ ,11.0,"–†—É—Å—Å–∫–∏–π, –ò–Ω–æ—Å—Ç—Ä–∞–Ω–Ω—ã–π —è–∑—ã–∫, –û–±—â–µ—Å—Ç–≤–æ–≤–µ–¥–µ–Ω–∏–µ",90+,–í—Ç–æ—Ä–∞—è –ø–æ–ª–æ–≤–∏–Ω–∞ 10–≥–æ –∫–ª–∞—Å—Å–∞,–í—Ç–æ—Ä–∞—è –ø–æ–ª–æ–≤–∏–Ω–∞ 10–≥–æ –∫–ª–∞—Å—Å–∞,–ê–Ω–≥–ª–∏–π—Å–∫–∏–π/—Ä—É—Å—Å–∫–∏–π 
284,20.01.2026 18:43:18,–≥–∏–º–Ω–∞–∑–∏—è,11.0,"–ú–∞—Ç–µ–º–∞—Ç–∏–∫–∞, –§–∏–∑–∏–∫–∞, –†—É—Å—Å–∫–∏–π",80-90,–í—Ç–æ—Ä–∞—è –ø–æ–ª–æ–≤–∏–Ω–∞ 11–≥–æ –∫–ª–∞—Å—Å–∞,–ü–µ—Ä–≤–∞—è –ø–æ–ª–æ–≤–∏–Ω–∞ 11–≥–æ –∫–ª–∞—Å—Å–∞,—Ä—É—Å—Å–∫–∏–π —è–∑—ã–∫
285,20.01.2026 19:10:24,–±–≥—É —Ä—Ñ–∏–∫—Ç,11.0,"–ú–∞—Ç–µ–º–∞—Ç–∏–∫–∞, –§–∏–∑–∏–∫–∞, –†—É—Å—Å–∫–∏–π",90+,–ü–µ—Ä–≤–∞—è –ø–æ–ª–æ–≤–∏–Ω–∞ 11–≥–æ –∫–ª–∞—Å—Å–∞,–ü–µ—Ä–≤–∞—è –ø–æ–ª–æ–≤–∏–Ω–∞ 11–≥–æ –∫–ª–∞—Å—Å–∞,–ø–æ –≤—Å–µ–º
286,20.01.2026 19:10:31,–®–∫–æ–ª–∞ ,11.0,"–†—É—Å—Å–∫–∏–π, –ë–∏–æ–ª–æ–≥–∏—è, –•–∏–º–∏—è",90+,–ü–µ—Ä–≤–∞—è –ø–æ–ª–æ–≤–∏–Ω–∞ 10–≥–æ –∫–ª–∞—Å—Å–∞,–ü–µ—Ä–≤–∞—è –ø–æ–ª–æ–≤–∏–Ω–∞ 10–≥–æ –∫–ª–∞—Å—Å–∞,"–•–∏–º–∏—è, –±–∏–æ–ª–æ–≥–∏—è, —Ä—É—Å—Å–∫–∏–π "
287,20.01.2026 19:11:42,–°–® ‚Ññ17 –≥. –õ–∏–¥—ã,11.0,"–†—É—Å—Å–∫–∏–π, –ë–∏–æ–ª–æ–≥–∏—è, –•–∏–º–∏—è",90+,–ü–µ—Ä–≤–∞—è –ø–æ–ª–æ–≤–∏–Ω–∞ 10–≥–æ –∫–ª–∞—Å—Å–∞,–ü–µ—Ä–≤–∞—è –ø–æ–ª–æ–≤–∏–Ω–∞ 10–≥–æ –∫–ª–∞—Å—Å–∞,–ü–æ —Ö–∏–º–∏–∏ –∏ –±–∏–æ–ª–æ–≥–∏–∏ 
288,20.01.2026 19:11:59,–ì—Ä–æ–¥–Ω–µ–Ω—Å–∫–∏–π –≥–æ—Å—É–¥–∞—Ä—Å—Ç–≤–µ–Ω–Ω—ã–π –º–µ–¥–∏—Ü–∏–Ω—Å–∫–∏–π —É–Ω–∏–≤–µ—Ä—Å–∏—Ç–µ—Ç ,11.0,"–†—É—Å—Å–∫–∏–π, –ë–∏–æ–ª–æ–≥–∏—è, –•–∏–º–∏—è",70-80,–ü–µ—Ä–≤–∞—è –ø–æ–ª–æ–≤–∏–Ω–∞ 10–≥–æ –∫–ª–∞—Å—Å–∞,–ü–µ—Ä–≤–∞—è –ø–æ–ª–æ–≤–∏–Ω–∞ 10–≥–æ –∫–ª–∞—Å—Å–∞,"–•–∏–º–∏—è, –±–∏–æ–ª–æ–≥–∏—è"
289,20.01.2026 19:12:37,—Å—à 27 –ë—Ä–µ—Å—Ç,11.0,"–†—É—Å—Å–∫–∏–π, –ë–∏–æ–ª–æ–≥–∏—è, –•–∏–º–∏—è",80-90,–ü–µ—Ä–≤–∞—è –ø–æ–ª–æ–≤–∏–Ω–∞ 10–≥–æ –∫–ª–∞—Å—Å–∞,–ü–µ—Ä–≤–∞—è –ø–æ–ª–æ–≤–∏–Ω–∞ 10–≥–æ –∫–ª–∞—Å—Å–∞,—Ö–∏–º–∏—è –±–∏–æ–ª–æ–≥–∏—è 
290,20.01.2026 19:13:49,–°–® 40 –≥.–ì—Ä–æ–¥–Ω–æ ,11.0,"–†—É—Å—Å–∫–∏–π, –ë–∏–æ–ª–æ–≥–∏—è, –•–∏–º–∏—è",90+,–ü–µ—Ä–≤–∞—è –ø–æ–ª–æ–≤–∏–Ω–∞ 10–≥–æ –∫–ª–∞—Å—Å–∞,–ü–µ—Ä–≤–∞—è –ø–æ–ª–æ–≤–∏–Ω–∞ 10–≥–æ –∫–ª–∞—Å—Å–∞,"–•–∏–º–∏—è, –±–∏–æ–ª–æ–≥–∏—è "
291,20.01.2026 19:14:22,–°—à 39,11.0,"–†—É—Å—Å–∫–∏–π, –ë–∏–æ–ª–æ–≥–∏—è, –•–∏–º–∏—è",80-90,–ü–µ—Ä–≤–∞—è –ø–æ–ª–æ–≤–∏–Ω–∞ 11–≥–æ –∫–ª–∞—Å—Å–∞,–ü–µ—Ä–≤–∞—è –ø–æ–ª–æ–≤–∏–Ω–∞ 11–≥–æ –∫–ª–∞—Å—Å–∞,–ë–∏–æ–ª–æ–≥–∏—è —Ö–∏–º–∏—è 
292,20.01.2026 19:16:50,5 –≥–∏–º–Ω–∞–∑–∏—è,11.0,"–†—É—Å—Å–∫–∏–π, –ë–∏–æ–ª–æ–≥–∏—è, –•–∏–º–∏—è",–î–æ 70,–ü–µ—Ä–≤–∞—è –ø–æ–ª–æ–≤–∏–Ω–∞ 11–≥–æ –∫–ª–∞—Å—Å–∞,–ü–µ—Ä–≤–∞—è –ø–æ–ª–æ–≤–∏–Ω–∞ 11–≥–æ –∫–ª–∞—Å—Å–∞,"–•–∏–º–∏—è, –±–∏–æ–ª–æ–≥–∏—è "
293,20.01.2026 19:19:07,3 –≥–∏–º–Ω–∞–∑–∏—è –≥. –≥—Ä–æ–¥–Ω–æ,11.0,"–†—É—Å—Å–∫–∏–π, –ë–∏–æ–ª–æ–≥–∏—è, –•–∏–º–∏—è",80-90,–í—Ç–æ—Ä–∞—è –ø–æ–ª–æ–≤–∏–Ω–∞ 10–≥–æ –∫–ª–∞—Å—Å–∞,–í—Ç–æ—Ä–∞—è –ø–æ–ª–æ–≤–∏–Ω–∞ 10–≥–æ –∫–ª–∞—Å—Å–∞,—Ö–∏–º–∏—è –∏ –±–∏–æ–ª–æ–≥–∏—è
294,20.01.2026 19:19:58,–°—à 8 –∏–º–µ–Ω–∏ –í. –§. –ö–∞–∑–∞–∫–æ–≤–∞ –≥–æ—Ä–æ–¥ –õ–∏–¥–∞,11.0,"–ë–µ–ª–∞—Ä—É—Å—Å–∫–∏–π, –ë–∏–æ–ª–æ–≥–∏—è, –•–∏–º–∏—è",–î–æ 70,–Ø —Å—á–∏—Ç–∞—é —á—Ç–æ —Å–¥–∞–º —Å–≤–æ–∏–º–∏ —Å–∏–ª–∞–º–∏,–î—É–º–∞—é –∑–∞–ø–∏—Å–∞—Ç—å—Å—è –Ω–∞ –∏–Ω—Ç–µ–Ω—Å–∏–≤ –ø–µ—Ä–µ–¥ —ç–∫–∑–∞–º–∏ (—É –º–Ω–æ–≥–∏—Ö –∫—É—Ä—Å–æ–≤ –µ—Å—Ç—å –≤–æ–∑–º–æ–∂–Ω–æ—Å—Ç—å –∑–∞–ø–∏—Å–∞—Ç—å—Å—è –≤ –∫–æ–Ω—Ü–µ —Ç–∏–ø–∞ –≤–∑—è—Ç—å —Ç–æ–ª—å–∫–æ –≤–µ—Å–Ω—É –∏–ª–∏ —Ç–æ–ª—å–∫–æ –º–∞–π –∏–ª–∏ –≤–æ–æ–±—â–µ —Ç–æ–ª—å–∫–æ –ø–∞—Ä—É –Ω–µ–¥–µ–ª—å –¥–æ —ç–∫–∑–æ–≤),
295,20.01.2026 19:26:53,–ì—Ä–ì–ú–£,11.0,"–†—É—Å—Å–∫–∏–π, –ë–∏–æ–ª–æ–≥–∏—è, –•–∏–º–∏—è",70-80,–ü–µ—Ä–≤–∞—è –ø–æ–ª–æ–≤–∏–Ω–∞ 10–≥–æ –∫–ª–∞—Å—Å–∞,–ü–µ—Ä–≤–∞—è –ø–æ–ª–æ–≤–∏–Ω–∞ 11–≥–æ –∫–ª–∞—Å—Å–∞,–±–∏–æ–ª–æ–≥–∏—è
296,20.01.2026 19:27:43,–≤–µ–ª—å–º—ñ —Å—è—Ä—ç–¥–Ω—è—è —à–∫–æ–ª–∞,10.0,"–ú–∞—Ç–µ–º–∞—Ç–∏–∫–∞, –§–∏–∑–∏–∫–∞, –ë–µ–ª–∞—Ä—É—Å—Å–∫–∏–π",90+,–ü–µ—Ä–≤–∞—è –ø–æ–ª–æ–≤–∏–Ω–∞ 10–≥–æ –∫–ª–∞—Å—Å–∞,–í—Ç–æ—Ä–∞—è –ø–æ–ª–æ–≤–∏–Ω–∞ 10–≥–æ –∫–ª–∞—Å—Å–∞,—Ñ—ñ–∑—ñ–∫–∞
297,20.01.2026 19:37:52,–ì—Ä–ì–ú–£,11.0,"–ë–µ–ª–∞—Ä—É—Å—Å–∫–∏–π, –ë–∏–æ–ª–æ–≥–∏—è, –•–∏–º–∏—è",90+,–ü–µ—Ä–≤–∞—è –ø–æ–ª–æ–≤–∏–Ω–∞ 10–≥–æ –∫–ª–∞—Å—Å–∞,–ü–µ—Ä–≤–∞—è –ø–æ–ª–æ–≤–∏–Ω–∞ 10–≥–æ –∫–ª–∞—Å—Å–∞,–±–∏–æ/—Ö–∏–º
298,20.01.2026 19:43:58,–§–∏–ª—Ñ–∞–∫ –ë–ì–£,11.0,"–†—É—Å—Å–∫–∏–π, –ò–Ω–æ—Å—Ç—Ä–∞–Ω–Ω—ã–π —è–∑—ã–∫, –û–±—â–µ—Å—Ç–≤–æ–≤–µ–¥–µ–Ω–∏–µ",90+,–í—Ç–æ—Ä–∞—è –ø–æ–ª–æ–≤–∏–Ω–∞ 11–≥–æ –∫–ª–∞—Å—Å–∞,–í—Ç–æ—Ä–∞—è –ø–æ–ª–æ–≤–∏–Ω–∞ 11–≥–æ –∫–ª–∞—Å—Å–∞,–û–±—â–µ—Å—Ç–≤–æ
299,20.01.2026 19:54:50,–ì—Ä–ì–ú–£,11.0,"–†—É—Å—Å–∫–∏–π, –ë–∏–æ–ª–æ–≥–∏—è, –•–∏–º–∏—è",70-80,–í—Ç–æ—Ä–∞—è –ø–æ–ª–æ–≤–∏–Ω–∞ 10–≥–æ –∫–ª–∞—Å—Å–∞,–í—Ç–æ—Ä–∞—è –ø–æ–ª–æ–≤–∏–Ω–∞ 10–≥–æ –∫–ª–∞—Å—Å–∞,"–•–∏–º–∏—è, –±–∏–æ–ª–æ–≥–∏—è"
300,20.01.2026 20:00:15,—Å—à ‚Ññ11 –≥. –ì–æ–º–µ–ª—å,11.0,"–ú–∞—Ç–µ–º–∞—Ç–∏–∫–∞, –§–∏–∑–∏–∫–∞, –†—É—Å—Å–∫–∏–π",90+,–ü–µ—Ä–≤–∞—è –ø–æ–ª–æ–≤–∏–Ω–∞ 11–≥–æ –∫–ª–∞—Å—Å–∞,–ü–µ—Ä–≤–∞—è –ø–æ–ª–æ–≤–∏–Ω–∞ 11–≥–æ –∫–ª–∞—Å—Å–∞,"–º–∞—Ç–µ–º–∞—Ç–∏–∫–∞, —Ä—É—Å—Å–∫–∏–π —è–∑—ã–∫"
301,20.01.2026 20:05:10,–§–∏–ª—Ñ–∞–∫,11.0,"–ë–µ–ª–∞—Ä—É—Å—Å–∫–∏–π, –ò–Ω–æ—Å—Ç—Ä–∞–Ω–Ω—ã–π —è–∑—ã–∫, –ò—Å—Ç–æ—Ä–∏—è",70-80,–ü–µ—Ä–≤–∞—è –ø–æ–ª–æ–≤–∏–Ω–∞ 11–≥–æ –∫–ª–∞—Å—Å–∞,–ü–µ—Ä–≤–∞—è –ø–æ–ª–æ–≤–∏–Ω–∞ 11–≥–æ –∫–ª–∞—Å—Å–∞,"–ê–Ω–≥–ª, –∏—Å—Ç–æ—Ä–∏—è"
302,20.01.2026 20:06:25,–°—à 3 –≥.–≥–∞–Ω—Ü–µ–≤–∏—á–∏ ,11.0,"–ú–∞—Ç–µ–º–∞—Ç–∏–∫–∞, –§–∏–∑–∏–∫–∞, –ë–µ–ª–∞—Ä—É—Å—Å–∫–∏–π",80-90,–ü–µ—Ä–≤–∞—è –ø–æ–ª–æ–≤–∏–Ω–∞ 10–≥–æ –∫–ª–∞—Å—Å–∞,–ü–µ—Ä–≤–∞—è –ø–æ–ª–æ–≤–∏–Ω–∞ 11–≥–æ –∫–ª–∞—Å—Å–∞,–ú–∞—Ç–µ–º –±–µ–ª —è–∑ —Ñ–∏–∑–∏–∫–∞ 
303,20.01.2026 20:43:12,–°—Ä–µ–¥–Ω—è—è —à–∫–æ–ª–∞,11.0,"–†—É—Å—Å–∫–∏–π, –ò–Ω–æ—Å—Ç—Ä–∞–Ω–Ω—ã–π —è–∑—ã–∫, –û–±—â–µ—Å—Ç–≤–æ–≤–µ–¥–µ–Ω–∏–µ",90+,–í—Ç–æ—Ä–∞—è –ø–æ–ª–æ–≤–∏–Ω–∞ 10–≥–æ –∫–ª–∞—Å—Å–∞,–ü–µ—Ä–≤–∞—è –ø–æ–ª–æ–≤–∏–Ω–∞ 11–≥–æ –∫–ª–∞—Å—Å–∞,–ê–Ω–≥–ª–∏–π—Å–∫–∏–π —è–∑—ã–∫
304,20.01.2026 20:44:10,–ë–ì–£,11.0,"–†—É—Å—Å–∫–∏–π, –ò–Ω–æ—Å—Ç—Ä–∞–Ω–Ω—ã–π —è–∑—ã–∫, –û–±—â–µ—Å—Ç–≤–æ–≤–µ–¥–µ–Ω–∏–µ",90+,–ü–µ—Ä–≤–∞—è –ø–æ–ª–æ–≤–∏–Ω–∞ 10–≥–æ –∫–ª–∞—Å—Å–∞,–ü–µ—Ä–≤–∞—è –ø–æ–ª–æ–≤–∏–Ω–∞ 10–≥–æ –∫–ª–∞—Å—Å–∞,–†—É—Å—Å–∫–∏–π —è–∑—ã–∫
305,20.01.2026 21:10:04,–¢–∞—Ä–Ω–æ–≤—Å–∫–∞—è –°–®,11.0,"–ë–µ–ª–∞—Ä—É—Å—Å–∫–∏–π, –ë–∏–æ–ª–æ–≥–∏—è, –•–∏–º–∏—è",80-90,–ü–µ—Ä–≤–∞—è –ø–æ–ª–æ–≤–∏–Ω–∞ 10–≥–æ –∫–ª–∞—Å—Å–∞,,"—Ö–∏–º–∏—è,–±–∏–æ–ª–æ–≥–∏—è, —Å–µ–π—á–∞—Å –µ—â–µ –¥—É–º–∞—é –Ω–∞ —Ç–µ–º —á—Ç–æ–±—ã –ø–æ –±–µ–ª–æ—Ä—É—Å—Å–∫–æ–º—É —Ç–æ–∂–µ –Ω–∞–π—Ç–∏ "
306,20.01.2026 21:10:21,–í—É–∑,11.0,"–†—É—Å—Å–∫–∏–π, –û–±—â–µ—Å—Ç–≤–æ–≤–µ–¥–µ–Ω–∏–µ, –ò—Å—Ç–æ—Ä–∏—è",90+,–ü–µ—Ä–≤–∞—è –ø–æ–ª–æ–≤–∏–Ω–∞ 10–≥–æ –∫–ª–∞—Å—Å–∞,–ü–µ—Ä–≤–∞—è –ø–æ–ª–æ–≤–∏–Ω–∞ 11–≥–æ –∫–ª–∞—Å—Å–∞,–ü–æ –≤—Å–µ–º
307,20.01.2026 21:33:45,11 –∫–ª–∞—Å–º,11.0,"–ë–µ–ª–∞—Ä—É—Å—Å–∫–∏–π, –ë–∏–æ–ª–æ–≥–∏—è, –•–∏–º–∏—è",70-80,–í—Ç–æ—Ä–∞—è –ø–æ–ª–æ–≤–∏–Ω–∞ 10–≥–æ –∫–ª–∞—Å—Å–∞,–ü–µ—Ä–≤–∞—è –ø–æ–ª–æ–≤–∏–Ω–∞ 11–≥–æ –∫–ª–∞—Å—Å–∞,"–•–∏–º–∏—è, –±–∏–æ–ª–æ–≥–∏—è "
308,20.01.2026 21:39:30,"–ì–∏–º–Ω–∞–∑–∏—è 7, –ú–∏–Ω—Å–∫",11.0,"–†—É—Å—Å–∫–∏–π, –û–±—â–µ—Å—Ç–≤–æ–≤–µ–¥–µ–Ω–∏–µ, –ò—Å—Ç–æ—Ä–∏—è",90+,–ü–µ—Ä–≤–∞—è –ø–æ–ª–æ–≤–∏–Ω–∞ 11–≥–æ –∫–ª–∞—Å—Å–∞,–ü–µ—Ä–≤–∞—è –ø–æ–ª–æ–≤–∏–Ω–∞ 11–≥–æ –∫–ª–∞—Å—Å–∞,–∏—Å—Ç–æ—Ä–∏—è –∏ –æ–±—â–µ—Å—Ç–≤–æ–≤–µ–¥–µ–Ω–∏–µ –≤ –æ–¥–Ω–æ–º
309,20.01.2026 21:53:28,–ª–∏—Ü–µ–π –ë–ì–£,11.0,"–ú–∞—Ç–µ–º–∞—Ç–∏–∫–∞, –§–∏–∑–∏–∫–∞, –ë–µ–ª–∞—Ä—É—Å—Å–∫–∏–π",90+,–Ø —Å—á–∏—Ç–∞—é —á—Ç–æ —Å–¥–∞–º —Å–≤–æ–∏–º–∏ —Å–∏–ª–∞–º–∏,,"–Ω–µ –±—Ä–∞–ª–∞ —Ä–µ–ø–µ—Ç–∏—Ç–æ—Ä–∞, –æ–¥–Ω–∞–∫–æ –≤ –ª–∏—Ü–µ–µ –±—ã–ª–∏ —Å–ø–µ—Ü–∏–∞–ª—å–Ω—ã–µ –∑–∞–Ω—è—Ç–∏—è –¥–ª—è –ø–æ–¥–≥–æ—Ç–æ–≤–∫–∏ –∫ —Ü—ç/—Ü—Ç, –∫–æ—Ç–æ—Ä—ã–µ –±—ã–ª–∏ –≤ 10 –∫–ª–∞—Å—Å–µ –ø–æ –º–∞—Ç–µ–º–∞—Ç–∏–∫–µ –∏ —Ñ–∏–∑–∏–∫–µ, –∞ —Å 11 –∫–ª–∞—Å—Å–∞ –ø–æ –≤—Å–µ–º –ø—Ä–µ–¥–º–µ—Ç–∞–º "
310,20.01.2026 22:26:48,–ì—Ä–ì–ú–£,11.0,"–ë–∏–æ–ª–æ–≥–∏—è, –•–∏–º–∏—è",90+,–ü–µ—Ä–≤–∞—è –ø–æ–ª–æ–≤–∏–Ω–∞ 10–≥–æ –∫–ª–∞—Å—Å–∞,–ü–µ—Ä–≤–∞—è –ø–æ–ª–æ–≤–∏–Ω–∞ 10–≥–æ –∫–ª–∞—Å—Å–∞,"–•–∏–º–∏—è,  –±–∏–æ–ª–æ–≥–∏—è,  —Ä—É—Å—Å–∫–∏–π "
311,21.01.2026 0:08:33,–ì—Ä–ì–ú–£,11.0,"–†—É—Å—Å–∫–∏–π, –ë–∏–æ–ª–æ–≥–∏—è, –•–∏–º–∏—è",80-90,–Ø —Å—á–∏—Ç–∞—é —á—Ç–æ —Å–¥–∞–º —Å–≤–æ–∏–º–∏ —Å–∏–ª–∞–º–∏,–î—É–º–∞—é –∑–∞–ø–∏—Å–∞—Ç—å—Å—è –Ω–∞ –∏–Ω—Ç–µ–Ω—Å–∏–≤ –ø–µ—Ä–µ–¥ —ç–∫–∑–∞–º–∏ (—É –º–Ω–æ–≥–∏—Ö –∫—É—Ä—Å–æ–≤ –µ—Å—Ç—å –≤–æ–∑–º–æ–∂–Ω–æ—Å—Ç—å –∑–∞–ø–∏—Å–∞—Ç—å—Å—è –≤ –∫–æ–Ω—Ü–µ —Ç–∏–ø–∞ –≤–∑—è—Ç—å —Ç–æ–ª—å–∫–æ –≤–µ—Å–Ω—É –∏–ª–∏ —Ç–æ–ª—å–∫–æ –º–∞–π –∏–ª–∏ –≤–æ–æ–±—â–µ —Ç–æ–ª—å–∫–æ –ø–∞—Ä—É –Ω–µ–¥–µ–ª—å –¥–æ —ç–∫–∑–æ–≤),–ù–µ –±—ã–ª–æ —Ä–µ–ø–µ—Ç–æ–≤
312,21.01.2026 0:40:49,–ì—Ä–ì–ú–£,11.0,"–ë–µ–ª–∞—Ä—É—Å—Å–∫–∏–π, –ë–∏–æ–ª–æ–≥–∏—è, –•–∏–º–∏—è",90+,–ü–µ—Ä–≤–∞—è –ø–æ–ª–æ–≤–∏–Ω–∞ 10–≥–æ –∫–ª–∞—Å—Å–∞,–ü–µ—Ä–≤–∞—è –ø–æ–ª–æ–≤–∏–Ω–∞ 10–≥–æ –∫–ª–∞—Å—Å–∞,"–ú–∞—Ç–µ–º–∞—Ç–∏–∫–∞ , –ë–∏–æ–ª–æ–≥–∏—è , –•–∏–º–∏—è –∏ –ë–µ–ª–∞—Ä—É—Å—Å–∫–∏–π"
313,21.01.2026 4:02:17,"–ë–ì–£, —Ñ–∏–ª—Ñ–∞–∫",11.0,"–ë–µ–ª–∞—Ä—É—Å—Å–∫–∏–π, –ò–Ω–æ—Å—Ç—Ä–∞–Ω–Ω—ã–π —è–∑—ã–∫, –ò—Å—Ç–æ—Ä–∏—è",90+,–ü–µ—Ä–≤–∞—è –ø–æ–ª–æ–≤–∏–Ω–∞ 10–≥–æ –∫–ª–∞—Å—Å–∞,–ü–µ—Ä–≤–∞—è –ø–æ–ª–æ–≤–∏–Ω–∞ 10–≥–æ –∫–ª–∞—Å—Å–∞,"–ò—Å—Ç–æ—Ä–∏—è, –±–µ–ª–æ—Ä—É—Å—Å–∫–∏–π, –∫–∏—Ç–∞–π—Å–∫–∏–π"
314,21.01.2026 12:02:04,"–°—Ä–µ–¥–Ω—è—è —à–∫–æ–ª–∞ 2, –≥.–ú–æ–ª–æ–¥–µ—á–Ω–æ",11.0,"–ë–µ–ª–∞—Ä—É—Å—Å–∫–∏–π, –ë–∏–æ–ª–æ–≥–∏—è, –•–∏–º–∏—è",90+,–ü–µ—Ä–≤–∞—è –ø–æ–ª–æ–≤–∏–Ω–∞ 10–≥–æ –∫–ª–∞—Å—Å–∞,–ü–µ—Ä–≤–∞—è –ø–æ–ª–æ–≤–∏–Ω–∞ 10–≥–æ –∫–ª–∞—Å—Å–∞,"–ë–∏–æ–ª–æ–≥–∏—è, —Ö–∏–º–∏—è "
315,21.01.2026 13:15:23,–õ–∏—Ü–µ–π –ë–ù–¢–£,11.0,"–ú–∞—Ç–µ–º–∞—Ç–∏–∫–∞, –§–∏–∑–∏–∫–∞, –†—É—Å—Å–∫–∏–π",90+,–ü–µ—Ä–≤–∞—è –ø–æ–ª–æ–≤–∏–Ω–∞ 10–≥–æ –∫–ª–∞—Å—Å–∞,–ü–µ—Ä–≤–∞—è –ø–æ–ª–æ–≤–∏–Ω–∞ 10–≥–æ –∫–ª–∞—Å—Å–∞,"–§–∏–∑–∏–∫–∞, –º–∞—Ç–µ–º–∞—Ç–∏–∫–∞, —Ä—É—Å—Å–∫–∏–π"
316,21.01.2026 14:11:13,–°—Ä–µ–¥–Ω—è—è —à–∫–æ–ª–∞ –Ω–æ–º–µ—Ä 2 –≥–æ—Ä–æ–¥ –∫–∞–º–µ–Ω–µ—Ü ,11.0,"–ú–∞—Ç–µ–º–∞—Ç–∏–∫–∞, –§–∏–∑–∏–∫–∞, –†—É—Å—Å–∫–∏–π",90+,–ü–µ—Ä–≤–∞—è –ø–æ–ª–æ–≤–∏–Ω–∞ 11–≥–æ –∫–ª–∞—Å—Å–∞,–ü–µ—Ä–≤–∞—è –ø–æ–ª–æ–≤–∏–Ω–∞ 11–≥–æ –∫–ª–∞—Å—Å–∞,"–§–∏–∑–∏–∫–∞, –º–∞—Ç–µ–º–∞—Ç–∏–∫–∞"
317,21.01.2026 22:28:38,–°—Ä–µ–¥–Ω—è—è —à–∫–æ–ª–∞,11.0,"–ú–∞—Ç–µ–º–∞—Ç–∏–∫–∞, –§–∏–∑–∏–∫–∞, –†—É—Å—Å–∫–∏–π",90+,–ü–µ—Ä–≤–∞—è –ø–æ–ª–æ–≤–∏–Ω–∞ 10–≥–æ –∫–ª–∞—Å—Å–∞,–ü–µ—Ä–≤–∞—è –ø–æ–ª–æ–≤–∏–Ω–∞ 10–≥–æ –∫–ª–∞—Å—Å–∞,"–§–∏–∑–∏–∫–∞, —Ä—É—Å—Å–∫–∏–π —è–∑—ã–∫, –º–∞—Ç–µ–º–∞—Ç–∏–∫–∞"
318,23.01.2026 6:32:46,–ì–∏–º–Ω–∞–∑–∏—è ,11.0,"–ú–∞—Ç–µ–º–∞—Ç–∏–∫–∞, –ë–µ–ª–∞—Ä—É—Å—Å–∫–∏–π, –ò–Ω–æ—Å—Ç—Ä–∞–Ω–Ω—ã–π —è–∑—ã–∫",90+,–Ø —Å—á–∏—Ç–∞—é —á—Ç–æ —Å–¥–∞–º —Å–≤–æ–∏–º–∏ —Å–∏–ª–∞–º–∏,–î—É–º–∞—é –∑–∞–ø–∏—Å–∞—Ç—å—Å—è –Ω–∞ –∏–Ω—Ç–µ–Ω—Å–∏–≤ –ø–µ—Ä–µ–¥ —ç–∫–∑–∞–º–∏ (—É –º–Ω–æ–≥–∏—Ö –∫—É—Ä—Å–æ–≤ –µ—Å—Ç—å –≤–æ–∑–º–æ–∂–Ω–æ—Å—Ç—å –∑–∞–ø–∏—Å–∞—Ç—å—Å—è –≤ –∫–æ–Ω—Ü–µ —Ç–∏–ø–∞ –≤–∑—è—Ç—å —Ç–æ–ª—å–∫–æ –≤–µ—Å–Ω—É –∏–ª–∏ —Ç–æ–ª—å–∫–æ –º–∞–π –∏–ª–∏ –≤–æ–æ–±—â–µ —Ç–æ–ª—å–∫–æ –ø–∞—Ä—É –Ω–µ–¥–µ–ª—å –¥–æ —ç–∫–∑–æ–≤),-
